Year,District,State,Total,20&Over,19,17-18,15-16,13-14,11-12,9-10,7-8,6&U
1990,,AK,206,,,,,,,,,
1990,,AL,4,,,,,,,,,
1990,,AR,1,,,,,,,,,
1990,,AZ,15,,,,,,,,,
1990,,CA,122,,,,,,,,,
1990,,CO,94,,,,,,,,,
1990,,CT,264,,,,,,,,,
1990,,DC,18,,,,,,,,,
1990,,DE,9,,,,,,,,,
1990,,FL,6,,,,,,,,,
1990,,GA,7,,,,,,,,,
1990,,HI,1,,,,,,,,,
1990,,IA,14,,,,,,,,,
1990,,ID,18,,,,,,,,,
1990,,IL,187,,,,,,,,,
1990,,IN,40,,,,,,,,,
1990,,KS,3,,,,,,,,,
1990,,KY,32,,,,,,,,,
1990,,LA,0,,,,,,,,,
1990,,MA,1268,,,,,,,,,
1990,,MD,56,,,,,,,,,
1990,,ME,92,,,,,,,,,
1990,,MI,610,,,,,,,,,
1990,,MN,961,,,,,,,,,
1990,,MO,38,,,,,,,,,
1990,,MS,0,,,,,,,,,
1990,,MT,18,,,,,,,,,
1990,,NC,16,,,,,,,,,
1990,,ND,44,,,,,,,,,
1990,,NE,6,,,,,,,,,
1990,,NH,110,,,,,,,,,
1990,,NJ,178,,,,,,,,,
1990,,NM,14,,,,,,,,,
1990,,NV,4,,,,,,,,,
1990,,NY,786,,,,,,,,,
1990,,OH,187,,,,,,,,,
1990,,OK,2,,,,,,,,,
1990,,OR,39,,,,,,,,,
1990,,PA,117,,,,,,,,,
1990,,RI,148,,,,,,,,,
1990,,SC,0,,,,,,,,,
1990,,SD,14,,,,,,,,,
1990,,TN,9,,,,,,,,,
1990,,TX,14,,,,,,,,,
1990,,UT,28,,,,,,,,,
1990,,VA,23,,,,,,,,,
1990,,VT,98,,,,,,,,,
1990,,WA,105,,,,,,,,,
1990,,WI,201,,,,,,,,,
1990,,WV,82,,,,,,,,,
1990,,WY,27,,,,,,,,,
1991,,AK,349,,,,,,,,,
1991,,AL,8,,,,,,,,,
1991,,AR,1,,,,,,,,,
1991,,AZ,31,,,,,,,,,
1991,,CA,173,,,,,,,,,
1991,,CO,185,,,,,,,,,
1991,,CT,381,,,,,,,,,
1991,,DC,10,,,,,,,,,
1991,,DE,7,,,,,,,,,
1991,,FL,22,,,,,,,,,
1991,,GA,8,,,,,,,,,
1991,,HI,0,,,,,,,,,
1991,,IA,22,,,,,,,,,
1991,,ID,31,,,,,,,,,
1991,,IL,221,,,,,,,,,
1991,,IN,71,,,,,,,,,
1991,,KS,5,,,,,,,,,
1991,,KY,11,,,,,,,,,
1991,,LA,1,,,,,,,,,
1991,,MA,1475,,,,,,,,,
1991,,MD,74,,,,,,,,,
1991,,ME,462,,,,,,,,,
1991,,MI,737,,,,,,,,,
1991,,MN,1088,,,,,,,,,
1991,,MO,41,,,,,,,,,
1991,,MS,0,,,,,,,,,
1991,,MT,30,,,,,,,,,
1991,,NC,29,,,,,,,,,
1991,,ND,54,,,,,,,,,
1991,,NE,8,,,,,,,,,
1991,,NH,228,,,,,,,,,
1991,,NJ,203,,,,,,,,,
1991,,NM,10,,,,,,,,,
1991,,NV,6,,,,,,,,,
1991,,NY,1013,,,,,,,,,
1991,,OH,111,,,,,,,,,
1991,,OK,2,,,,,,,,,
1991,,OR,38,,,,,,,,,
1991,,PA,129,,,,,,,,,
1991,,RI,174,,,,,,,,,
1991,,SC,1,,,,,,,,,
1991,,SD,25,,,,,,,,,
1991,,TN,8,,,,,,,,,
1991,,TX,18,,,,,,,,,
1991,,UT,28,,,,,,,,,
1991,,VA,17,,,,,,,,,
1991,,VT,136,,,,,,,,,
1991,,WA,111,,,,,,,,,
1991,,WI,371,,,,,,,,,
1991,,WV,100,,,,,,,,,
1991,,WY,27,,,,,,,,,
1992,,AK,399,,,,,,,,,
1992,,AL,10,,,,,,,,,
1992,,AR,1,,,,,,,,,
1992,,AZ,63,,,,,,,,,
1992,,CA,277,,,,,,,,,
1992,,CO,178,,,,,,,,,
1992,,CT,420,,,,,,,,,
1992,,DC,16,,,,,,,,,
1992,,DE,6,,,,,,,,,
1992,,FL,31,,,,,,,,,
1992,,GA,8,,,,,,,,,
1992,,HI,1,,,,,,,,,
1992,,IA,21,,,,,,,,,
1992,,ID,83,,,,,,,,,
1992,,IL,282,,,,,,,,,
1992,,IN,62,,,,,,,,,
1992,,KS,5,,,,,,,,,
1992,,KY,22,,,,,,,,,
1992,,LA,0,,,,,,,,,
1992,,MA,1730,,,,,,,,,
1992,,MD,78,,,,,,,,,
1992,,ME,485,,,,,,,,,
1992,,MI,947,,,,,,,,,
1992,,MN,1266,,,,,,,,,
1992,,MO,59,,,,,,,,,
1992,,MS,0,,,,,,,,,
1992,,MT,44,,,,,,,,,
1992,,NC,39,,,,,,,,,
1992,,ND,81,,,,,,,,,
1992,,NE,13,,,,,,,,,
1992,,NH,282,,,,,,,,,
1992,,NJ,279,,,,,,,,,
1992,,NM,24,,,,,,,,,
1992,,NV,12,,,,,,,,,
1992,,NY,1289,,,,,,,,,
1992,,OH,187,,,,,,,,,
1992,,OK,2,,,,,,,,,
1992,,OR,40,,,,,,,,,
1992,,PA,182,,,,,,,,,
1992,,RI,214,,,,,,,,,
1992,,SC,2,,,,,,,,,
1992,,SD,31,,,,,,,,,
1992,,TN,8,,,,,,,,,
1992,,TX,24,,,,,,,,,
1992,,UT,29,,,,,,,,,
1992,,VA,27,,,,,,,,,
1992,,VT,251,,,,,,,,,
1992,,WA,210,,,,,,,,,
1992,,WI,535,,,,,,,,,
1992,,WV,119,,,,,,,,,
1992,,WY,42,,,,,,,,,
1993,,AK,525,,,,,,,,,
1993,,AL,21,,,,,,,,,
1993,,AR,3,,,,,,,,,
1993,,AZ,105,,,,,,,,,
1993,,CA,519,,,,,,,,,
1993,,CO,273,,,,,,,,,
1993,,CT,526,,,,,,,,,
1993,,DC,16,,,,,,,,,
1993,,DE,8,,,,,,,,,
1993,,FL,65,,,,,,,,,
1993,,GA,16,,,,,,,,,
1993,,HI,0,,,,,,,,,
1993,,IA,49,,,,,,,,,
1993,,ID,63,,,,,,,,,
1993,,IL,380,,,,,,,,,
1993,,IN,85,,,,,,,,,
1993,,KS,18,,,,,,,,,
1993,,KY,19,,,,,,,,,
1993,,LA,0,,,,,,,,,
1993,,MA,2058,,,,,,,,,
1993,,MD,120,,,,,,,,,
1993,,ME,468,,,,,,,,,
1993,,MI,1287,,,,,,,,,
1993,,MN,1970,,,,,,,,,
1993,,MO,108,,,,,,,,,
1993,,MS,1,,,,,,,,,
1993,,MT,91,,,,,,,,,
1993,,NC,32,,,,,,,,,
1993,,ND,89,,,,,,,,,
1993,,NE,14,,,,,,,,,
1993,,NH,313,,,,,,,,,
1993,,NJ,332,,,,,,,,,
1993,,NM,25,,,,,,,,,
1993,,NV,29,,,,,,,,,
1993,,NY,1684,,,,,,,,,
1993,,OH,296,,,,,,,,,
1993,,OK,9,,,,,,,,,
1993,,OR,62,,,,,,,,,
1993,,PA,294,,,,,,,,,
1993,,RI,212,,,,,,,,,
1993,,SC,5,,,,,,,,,
1993,,SD,33,,,,,,,,,
1993,,TN,22,,,,,,,,,
1993,,TX,38,,,,,,,,,
1993,,UT,41,,,,,,,,,
1993,,VA,53,,,,,,,,,
1993,,VT,315,,,,,,,,,
1993,,WA,260,,,,,,,,,
1993,,WI,712,,,,,,,,,
1993,,WV,123,,,,,,,,,
1993,,WY,54,,,,,,,,,
1994,,AK,593,,,,,,,,,
1994,,AL,36,,,,,,,,,
1994,,AR,3,,,,,,,,,
1994,,AZ,121,,,,,,,,,
1994,,CA,701,,,,,,,,,
1994,,CO,315,,,,,,,,,
1994,,CT,705,,,,,,,,,
1994,,DC,28,,,,,,,,,
1994,,DE,11,,,,,,,,,
1994,,FL,99,,,,,,,,,
1994,,GA,22,,,,,,,,,
1994,,HI,0,,,,,,,,,
1994,,IA,77,,,,,,,,,
1994,,ID,81,,,,,,,,,
1994,,IL,591,,,,,,,,,
1994,,IN,117,,,,,,,,,
1994,,KS,27,,,,,,,,,
1994,,KY,19,,,,,,,,,
1994,,LA,2,,,,,,,,,
1994,,MA,2693,,,,,,,,,
1994,,MD,178,,,,,,,,,
1994,,ME,646,,,,,,,,,
1994,,MI,1776,,,,,,,,,
1994,,MN,2940,,,,,,,,,
1994,,MO,116,,,,,,,,,
1994,,MS,0,,,,,,,,,
1994,,MT,128,,,,,,,,,
1994,,NC,66,,,,,,,,,
1994,,ND,152,,,,,,,,,
1994,,NE,14,,,,,,,,,
1994,,NH,405,,,,,,,,,
1994,,NJ,451,,,,,,,,,
1994,,NM,27,,,,,,,,,
1994,,NV,26,,,,,,,,,
1994,,NY,2085,,,,,,,,,
1994,,OH,417,,,,,,,,,
1994,,OK,17,,,,,,,,,
1994,,OR,73,,,,,,,,,
1994,,PA,505,,,,,,,,,
1994,,RI,291,,,,,,,,,
1994,,SC,15,,,,,,,,,
1994,,SD,66,,,,,,,,,
1994,,TN,31,,,,,,,,,
1994,,TX,65,,,,,,,,,
1994,,UT,54,,,,,,,,,
1994,,VA,88,,,,,,,,,
1994,,VT,417,,,,,,,,,
1994,,WA,340,,,,,,,,,
1994,,WI,1007,,,,,,,,,
1994,,WV,109,,,,,,,,,
1994,,WY,95,,,,,,,,,
1995,,AK,674,,,,,,,,,
1995,,AL,36,,,,,,,,,
1995,,AR,4,,,,,,,,,
1995,,AZ,93,,,,,,,,,
1995,,CA,822,,,,,,,,,
1995,,CO,367,,,,,,,,,
1995,,CT,751,,,,,,,,,
1995,,DC,20,,,,,,,,,
1995,,DE,12,,,,,,,,,
1995,,FL,124,,,,,,,,,
1995,,GA,28,,,,,,,,,
1995,,HI,5,,,,,,,,,
1995,,IA,65,,,,,,,,,
1995,,ID,89,,,,,,,,,
1995,,IL,693,,,,,,,,,
1995,,IN,160,,,,,,,,,
1995,,KS,31,,,,,,,,,
1995,,KY,23,,,,,,,,,
1995,,LA,1,,,,,,,,,
1995,,MA,3208,,,,,,,,,
1995,,MD,182,,,,,,,,,
1995,,ME,435,,,,,,,,,
1995,,MI,2173,,,,,,,,,
1995,,MN,4373,,,,,,,,,
1995,,MO,105,,,,,,,,,
1995,,MS,0,,,,,,,,,
1995,,MT,160,,,,,,,,,
1995,,NC,105,,,,,,,,,
1995,,ND,251,,,,,,,,,
1995,,NE,16,,,,,,,,,
1995,,NH,455,,,,,,,,,
1995,,NJ,495,,,,,,,,,
1995,,NM,36,,,,,,,,,
1995,,NV,16,,,,,,,,,
1995,,NY,2401,,,,,,,,,
1995,,OH,457,,,,,,,,,
1995,,OK,26,,,,,,,,,
1995,,OR,67,,,,,,,,,
1995,,PA,561,,,,,,,,,
1995,,RI,308,,,,,,,,,
1995,,SC,27,,,,,,,,,
1995,,SD,65,,,,,,,,,
1995,,TN,32,,,,,,,,,
1995,,TX,88,,,,,,,,,
1995,,UT,93,,,,,,,,,
1995,,VA,115,,,,,,,,,
1995,,VT,473,,,,,,,,,
1995,,WA,375,,,,,,,,,
1995,,WI,1285,,,,,,,,,
1995,,WV,106,,,,,,,,,
1995,,WY,82,,,,,,,,,
1996,,AK,772,,,,,,,,,
1996,,AL,28,,,,,,,,,
1996,,AR,12,,,,,,,,,
1996,,AZ,108,,,,,,,,,
1996,,CA,820,,,,,,,,,
1996,,CO,431,,,,,,,,,
1996,,CT,818,,,,,,,,,
1996,,DC,28,,,,,,,,,
1996,,DE,11,,,,,,,,,
1996,,FL,201,,,,,,,,,
1996,,GA,18,,,,,,,,,
1996,,HI,3,,,,,,,,,
1996,,IA,108,,,,,,,,,
1996,,ID,108,,,,,,,,,
1996,,IL,861,,,,,,,,,
1996,,IN,153,,,,,,,,,
1996,,KS,29,,,,,,,,,
1996,,KY,24,,,,,,,,,
1996,,LA,4,,,,,,,,,
1996,,MA,3404,,,,,,,,,
1996,,MD,228,,,,,,,,,
1996,,ME,486,,,,,,,,,
1996,,MI,2523,,,,,,,,,
1996,,MN,5098,,,,,,,,,
1996,,MO,93,,,,,,,,,
1996,,MS,3,,,,,,,,,
1996,,MT,168,,,,,,,,,
1996,,NC,82,,,,,,,,,
1996,,ND,307,,,,,,,,,
1996,,NE,19,,,,,,,,,
1996,,NH,506,,,,,,,,,
1996,,NJ,561,,,,,,,,,
1996,,NM,71,,,,,,,,,
1996,,NV,18,,,,,,,,,
1996,,NY,2597,,,,,,,,,
1996,,OH,460,,,,,,,,,
1996,,OK,24,,,,,,,,,
1996,,OR,65,,,,,,,,,
1996,,PA,644,,,,,,,,,
1996,,RI,342,,,,,,,,,
1996,,SC,22,,,,,,,,,
1996,,SD,72,,,,,,,,,
1996,,TN,38,,,,,,,,,
1996,,TX,111,,,,,,,,,
1996,,UT,89,,,,,,,,,
1996,,VA,144,,,,,,,,,
1996,,VT,668,,,,,,,,,
1996,,WA,331,,,,,,,,,
1996,,WI,1340,,,,,,,,,
1996,,WV,94,,,,,,,,,
1996,,WY,108,,,,,,,,,
1997,,AK,862,,,,,,,,,
1997,,AL,25,,,,,,,,,
1997,,AR,11,,,,,,,,,
1997,,AZ,140,,,,,,,,,
1997,,CA,960,,,,,,,,,
1997,,CO,619,,,,,,,,,
1997,,CT,860,,,,,,,,,
1997,,DC,41,,,,,,,,,
1997,,DE,14,,,,,,,,,
1997,,FL,166,,,,,,,,,
1997,,GA,14,,,,,,,,,
1997,,HI,9,,,,,,,,,
1997,,IA,122,,,,,,,,,
1997,,ID,195,,,,,,,,,
1997,,IL,997,,,,,,,,,
1997,,IN,179,,,,,,,,,
1997,,KS,45,,,,,,,,,
1997,,KY,22,,,,,,,,,
1997,,LA,35,,,,,,,,,
1997,,MA,3712,,,,,,,,,
1997,,MD,250,,,,,,,,,
1997,,ME,541,,,,,,,,,
1997,,MI,2615,,,,,,,,,
1997,,MN,5668,,,,,,,,,
1997,,MO,119,,,,,,,,,
1997,,MS,8,,,,,,,,,
1997,,MT,195,,,,,,,,,
1997,,NC,98,,,,,,,,,
1997,,ND,350,,,,,,,,,
1997,,NE,24,,,,,,,,,
1997,,NH,559,,,,,,,,,
1997,,NJ,685,,,,,,,,,
1997,,NM,89,,,,,,,,,
1997,,NV,12,,,,,,,,,
1997,,NY,2865,,,,,,,,,
1997,,OH,486,,,,,,,,,
1997,,OK,27,,,,,,,,,
1997,,OR,64,,,,,,,,,
1997,,PA,708,,,,,,,,,
1997,,RI,343,,,,,,,,,
1997,,SC,18,,,,,,,,,
1997,,SD,85,,,,,,,,,
1997,,TN,33,,,,,,,,,
1997,,TX,200,,,,,,,,,
1997,,UT,122,,,,,,,,,
1997,,VA,165,,,,,,,,,
1997,,VT,767,,,,,,,,,
1997,,WA,354,,,,,,,,,
1997,,WI,1643,,,,,,,,,
1997,,WV,87,,,,,,,,,
1997,,WY,138,,,,,,,,,
1998,,AK,915,,,,,,,,,
1998,,AL,39,,,,,,,,,
1998,,AR,8,,,,,,,,,
1998,,AZ,189,,,,,,,,,
1998,,CA,1001,,,,,,,,,
1998,,CO,844,,,,,,,,,
1998,,CT,1010,,,,,,,,,
1998,,DC,41,,,,,,,,,
1998,,DE,37,,,,,,,,,
1998,,FL,222,,,,,,,,,
1998,,GA,18,,,,,,,,,
1998,,HI,12,,,,,,,,,
1998,,IA,111,,,,,,,,,
1998,,ID,258,,,,,,,,,
1998,,IL,1186,,,,,,,,,
1998,,IN,230,,,,,,,,,
1998,,KS,61,,,,,,,,,
1998,,KY,25,,,,,,,,,
1998,,LA,52,,,,,,,,,
1998,,MA,4540,,,,,,,,,
1998,,MD,261,,,,,,,,,
1998,,ME,646,,,,,,,,,
1998,,MI,3117,,,,,,,,,
1998,,MN,6517,,,,,,,,,
1998,,MO,124,,,,,,,,,
1998,,MS,12,,,,,,,,,
1998,,MT,238,,,,,,,,,
1998,,NC,122,,,,,,,,,
1998,,ND,448,,,,,,,,,
1998,,NE,68,,,,,,,,,
1998,,NH,775,,,,,,,,,
1998,,NJ,727,,,,,,,,,
1998,,NM,121,,,,,,,,,
1998,,NV,20,,,,,,,,,
1998,,NY,3197,,,,,,,,,
1998,,OH,583,,,,,,,,,
1998,,OK,34,,,,,,,,,
1998,,OR,116,,,,,,,,,
1998,,PA,836,,,,,,,,,
1998,,RI,434,,,,,,,,,
1998,,SC,26,,,,,,,,,
1998,,SD,135,,,,,,,,,
1998,,TN,38,,,,,,,,,
1998,,TX,250,,,,,,,,,
1998,,UT,157,,,,,,,,,
1998,,VA,192,,,,,,,,,
1998,,VT,893,,,,,,,,,
1998,,WA,408,,,,,,,,,
1998,,WI,2073,,,,,,,,,
1998,,WV,85,,,,,,,,,
1998,,WY,187,,,,,,,,,
1999,,AK,995,,,,,,,,,
1999,,AL,30,,,,,,,,,
1999,,AR,10,,,,,,,,,
1999,,AZ,277,,,,,,,,,
1999,,CA,1093,,,,,,,,,
1999,,CO,981,,,,,,,,,
1999,,CT,1290,,,,,,,,,
1999,,DC,47,,,,,,,,,
1999,,DE,45,,,,,,,,,
1999,,FL,254,,,,,,,,,
1999,,GA,59,,,,,,,,,
1999,,HI,12,,,,,,,,,
1999,,IA,146,,,,,,,,,
1999,,ID,302,,,,,,,,,
1999,,IL,1308,,,,,,,,,
1999,,IN,235,,,,,,,,,
1999,,KS,85,,,,,,,,,
1999,,KY,28,,,,,,,,,
1999,,LA,59,,,,,,,,,
1999,,MA,4770,,,,,,,,,
1999,,MD,361,,,,,,,,,
1999,,ME,656,,,,,,,,,
1999,,MI,3463,,,,,,,,,
1999,,MN,6951,,,,,,,,,
1999,,MO,188,,,,,,,,,
1999,,MS,14,,,,,,,,,
1999,,MT,286,,,,,,,,,
1999,,NC,181,,,,,,,,,
1999,,ND,552,,,,,,,,,
1999,,NE,66,,,,,,,,,
1999,,NH,940,,,,,,,,,
1999,,NJ,783,,,,,,,,,
1999,,NM,97,,,,,,,,,
1999,,NV,44,,,,,,,,,
1999,,NY,3376,,,,,,,,,
1999,,OH,557,,,,,,,,,
1999,,OK,40,,,,,,,,,
1999,,OR,117,,,,,,,,,
1999,,PA,927,,,,,,,,,
1999,,RI,504,,,,,,,,,
1999,,SC,28,,,,,,,,,
1999,,SD,197,,,,,,,,,
1999,,TN,27,,,,,,,,,
1999,,TX,311,,,,,,,,,
1999,,UT,177,,,,,,,,,
1999,,VA,280,,,,,,,,,
1999,,VT,867,,,,,,,,,
1999,,WA,490,,,,,,,,,
1999,,WI,2255,,,,,,,,,
1999,,WV,76,,,,,,,,,
1999,,WY,191,,,,,,,,,
2000,,AK,1086,,,,,,,,,
2000,,AL,30,,,,,,,,,
2000,,AR,11,,,,,,,,,
2000,,AZ,383,,,,,,,,,
2000,,CA,1044,,,,,,,,,
2000,,CO,1070,,,,,,,,,
2000,,CT,1355,,,,,,,,,
2000,,DC,69,,,,,,,,,
2000,,DE,49,,,,,,,,,
2000,,FL,260,,,,,,,,,
2000,,GA,70,,,,,,,,,
2000,,HI,14,,,,,,,,,
2000,,IA,141,,,,,,,,,
2000,,ID,323,,,,,,,,,
2000,,IL,1326,,,,,,,,,
2000,,IN,212,,,,,,,,,
2000,,KS,67,,,,,,,,,
2000,,KY,50,,,,,,,,,
2000,,LA,52,,,,,,,,,
2000,,MA,5218,,,,,,,,,
2000,,MD,452,,,,,,,,,
2000,,ME,834,,,,,,,,,
2000,,MI,3636,,,,,,,,,
2000,,MN,7352,,,,,,,,,
2000,,MO,206,,,,,,,,,
2000,,MS,22,,,,,,,,,
2000,,MT,313,,,,,,,,,
2000,,NC,219,,,,,,,,,
2000,,ND,584,,,,,,,,,
2000,,NE,54,,,,,,,,,
2000,,NH,1014,,,,,,,,,
2000,,NJ,785,,,,,,,,,
2000,,NM,91,,,,,,,,,
2000,,NV,31,,,,,,,,,
2000,,NY,3465,,,,,,,,,
2000,,OH,647,,,,,,,,,
2000,,OK,22,,,,,,,,,
2000,,OR,111,,,,,,,,,
2000,,PA,1135,,,,,,,,,
2000,,RI,537,,,,,,,,,
2000,,SC,33,,,,,,,,,
2000,,SD,224,,,,,,,,,
2000,,TN,77,,,,,,,,,
2000,,TX,311,,,,,,,,,
2000,,UT,204,,,,,,,,,
2000,,VA,326,,,,,,,,,
2000,,VT,923,,,,,,,,,
2000,,WA,491,,,,,,,,,
2000,,WI,2464,,,,,,,,,
2000,,WV,77,,,,,,,,,
2000,,WY,223,,,,,,,,,
2001,,AK,1098,,,,,,,,,
2001,,AL,30,,,,,,,,,
2001,,AR,16,,,,,,,,,
2001,,AZ,416,,,,,,,,,
2001,,CA,1056,,,,,,,,,
2001,,CO,1300,,,,,,,,,
2001,,CT,1456,,,,,,,,,
2001,,DC,70,,,,,,,,,
2001,,DE,49,,,,,,,,,
2001,,FL,358,,,,,,,,,
2001,,GA,67,,,,,,,,,
2001,,HI,13,,,,,,,,,
2001,,IA,152,,,,,,,,,
2001,,ID,325,,,,,,,,,
2001,,IL,1393,,,,,,,,,
2001,,IN,255,,,,,,,,,
2001,,KS,65,,,,,,,,,
2001,,KY,68,,,,,,,,,
2001,,LA,41,,,,,,,,,
2001,,MA,5744,,,,,,,,,
2001,,MD,502,,,,,,,,,
2001,,ME,1019,,,,,,,,,
2001,,MI,3759,,,,,,,,,
2001,,MN,7790,,,,,,,,,
2001,,MO,229,,,,,,,,,
2001,,MS,13,,,,,,,,,
2001,,MT,355,,,,,,,,,
2001,,NC,226,,,,,,,,,
2001,,ND,641,,,,,,,,,
2001,,NE,55,,,,,,,,,
2001,,NH,941,,,,,,,,,
2001,,NJ,804,,,,,,,,,
2001,,NM,94,,,,,,,,,
2001,,NV,33,,,,,,,,,
2001,,NY,3627,,,,,,,,,
2001,,OH,652,,,,,,,,,
2001,,OK,21,,,,,,,,,
2001,,OR,100,,,,,,,,,
2001,,PA,1301,,,,,,,,,
2001,,RI,554,,,,,,,,,
2001,,SC,56,,,,,,,,,
2001,,SD,239,,,,,,,,,
2001,,TN,75,,,,,,,,,
2001,,TX,328,,,,,,,,,
2001,,UT,228,,,,,,,,,
2001,,VA,429,,,,,,,,,
2001,,VT,889,,,,,,,,,
2001,,WA,517,,,,,,,,,
2001,,WI,2511,,,,,,,,,
2001,,WV,78,,,,,,,,,
2001,,WY,254,,,,,,,,,
2002,,AK,1290,,,,,,,,,
2002,,AL,40,,,,,,,,,
2002,,AR,16,,,,,,,,,
2002,,AZ,377,,,,,,,,,
2002,,CA,1143,,,,,,,,,
2002,,CO,1465,,,,,,,,,
2002,,CT,1612,,,,,,,,,
2002,,DC,77,,,,,,,,,
2002,,DE,66,,,,,,,,,
2002,,FL,408,,,,,,,,,
2002,,GA,93,,,,,,,,,
2002,,HI,12,,,,,,,,,
2002,,IA,186,,,,,,,,,
2002,,ID,311,,,,,,,,,
2002,,IL,1770,,,,,,,,,
2002,,IN,314,,,,,,,,,
2002,,KS,65,,,,,,,,,
2002,,KY,87,,,,,,,,,
2002,,LA,44,,,,,,,,,
2002,,MA,6153,,,,,,,,,
2002,,MD,600,,,,,,,,,
2002,,ME,1062,,,,,,,,,
2002,,MI,3987,,,,,,,,,
2002,,MN,8330,,,,,,,,,
2002,,MO,217,,,,,,,,,
2002,,MS,21,,,,,,,,,
2002,,MT,387,,,,,,,,,
2002,,NC,227,,,,,,,,,
2002,,ND,655,,,,,,,,,
2002,,NE,48,,,,,,,,,
2002,,NH,1042,,,,,,,,,
2002,,NJ,896,,,,,,,,,
2002,,NM,105,,,,,,,,,
2002,,NV,27,,,,,,,,,
2002,,NY,3835,,,,,,,,,
2002,,OH,684,,,,,,,,,
2002,,OK,19,,,,,,,,,
2002,,OR,126,,,,,,,,,
2002,,PA,1417,,,,,,,,,
2002,,RI,615,,,,,,,,,
2002,,SC,49,,,,,,,,,
2002,,SD,248,,,,,,,,,
2002,,TN,90,,,,,,,,,
2002,,TX,288,,,,,,,,,
2002,,UT,281,,,,,,,,,
2002,,VA,389,,,,,,,,,
2002,,VT,1109,,,,,,,,,
2002,,WA,563,,,,,,,,,
2002,,WI,2784,,,,,,,,,
2002,,WV,81,,,,,,,,,
2002,,WY,260,,,,,,,,,
2003,,AK,1432,,,,,,,,,
2003,,AL,47,,,,,,,,,
2003,,AR,11,,,,,,,,,
2003,,AZ,290,,,,,,,,,
2003,,CA,1178,,,,,,,,,
2003,,CO,1663,,,,,,,,,
2003,,CT,1740,,,,,,,,,
2003,,DC,83,,,,,,,,,
2003,,DE,59,,,,,,,,,
2003,,FL,501,,,,,,,,,
2003,,GA,76,,,,,,,,,
2003,,HI,20,,,,,,,,,
2003,,IA,150,,,,,,,,,
2003,,ID,340,,,,,,,,,
2003,,IL,1735,,,,,,,,,
2003,,IN,345,,,,,,,,,
2003,,KS,69,,,,,,,,,
2003,,KY,81,,,,,,,,,
2003,,LA,30,,,,,,,,,
2003,,MA,6611,,,,,,,,,
2003,,MD,610,,,,,,,,,
2003,,ME,1208,,,,,,,,,
2003,,MI,4186,,,,,,,,,
2003,,MN,9243,,,,,,,,,
2003,,MO,278,,,,,,,,,
2003,,MS,11,,,,,,,,,
2003,,MT,441,,,,,,,,,
2003,,NC,232,,,,,,,,,
2003,,ND,735,,,,,,,,,
2003,,NE,66,,,,,,,,,
2003,,NH,1016,,,,,,,,,
2003,,NJ,913,,,,,,,,,
2003,,NM,136,,,,,,,,,
2003,,NV,42,,,,,,,,,
2003,,NY,4035,,,,,,,,,
2003,,OH,767,,,,,,,,,
2003,,OK,24,,,,,,,,,
2003,,OR,118,,,,,,,,,
2003,,PA,1545,,,,,,,,,
2003,,RI,635,,,,,,,,,
2003,,SC,68,,,,,,,,,
2003,,SD,252,,,,,,,,,
2003,,TN,98,,,,,,,,,
2003,,TX,304,,,,,,,,,
2003,,UT,276,,,,,,,,,
2003,,VA,431,,,,,,,,,
2003,,VT,1245,,,,,,,,,
2003,,WA,607,,,,,,,,,
2003,,WI,3131,,,,,,,,,
2003,,WV,71,,,,,,,,,
2003,,WY,309,,,,,,,,,
2004,,AK,1495,,,,,,,,,
2004,,AL,50,,,,,,,,,
2004,,AR,10,,,,,,,,,
2004,,AZ,273,,,,,,,,,
2004,,CA,1146,,,,,,,,,
2004,,CO,1760,,,,,,,,,
2004,,CT,1772,,,,,,,,,
2004,,DC,89,,,,,,,,,
2004,,DE,70,,,,,,,,,
2004,,FL,518,,,,,,,,,
2004,,GA,96,,,,,,,,,
2004,,HI,3,,,,,,,,,
2004,,IA,189,,,,,,,,,
2004,,ID,354,,,,,,,,,
2004,,IL,1820,,,,,,,,,
2004,,IN,300,,,,,,,,,
2004,,KS,67,,,,,,,,,
2004,,KY,93,,,,,,,,,
2004,,LA,30,,,,,,,,,
2004,,MA,6916,,,,,,,,,
2004,,MD,650,,,,,,,,,
2004,,ME,1174,,,,,,,,,
2004,,MI,4297,,,,,,,,,
2004,,MN,9443,,,,,,,,,
2004,,MO,290,,,,,,,,,
2004,,MS,10,,,,,,,,,
2004,,MT,507,,,,,,,,,
2004,,NC,254,,,,,,,,,
2004,,ND,791,,,,,,,,,
2004,,NE,90,,,,,,,,,
2004,,NH,1074,,,,,,,,,
2004,,NJ,945,,,,,,,,,
2004,,NM,158,,,,,,,,,
2004,,NV,46,,,,,,,,,
2004,,NY,4025,,,,,,,,,
2004,,OH,805,,,,,,,,,
2004,,OK,24,,,,,,,,,
2004,,OR,101,,,,,,,,,
2004,,PA,1754,,,,,,,,,
2004,,RI,677,,,,,,,,,
2004,,SC,89,,,,,,,,,
2004,,SD,271,,,,,,,,,
2004,,TN,94,,,,,,,,,
2004,,TX,300,,,,,,,,,
2004,,UT,272,,,,,,,,,
2004,,VA,433,,,,,,,,,
2004,,VT,1314,,,,,,,,,
2004,,WA,664,,,,,,,,,
2004,,WI,3262,,,,,,,,,
2004,,WV,104,,,,,,,,,
2004,,WY,306,,,,,,,,,
2005,Atlantic,DE,72,49,1,7,4,3,4,3,0,1
2005,Atlantic,NJ,956,209,5,48,117,168,154,139,85,31
2005,Atlantic,E PA,1089,384,12,115,198,133,104,85,44,14
2005,Central,IL,1923,382,21,145,205,236,244,314,223,153
2005,Central,IA,188,31,5,10,20,18,20,30,19,35
2005,Central,KS,56,11,0,4,3,4,10,10,9,5
2005,Central,MO,302,88,11,14,29,36,34,48,25,17
2005,Central,NE,68,8,0,4,7,7,3,10,16,13
2005,Central,WI,3222,376,32,214,308,471,491,468,407,455
2005,Massachusetts,MA,7646,887,31,315,642,946,1203,1130,1160,1332
2005,Michigan,MI,4405,1326,54,250,420,493,582,531,399,350
2005,Mid-American,IN,287,100,7,26,23,34,34,23,24,16
2005,Mid-American,KY,109,19,1,19,17,15,16,11,5,6
2005,Mid-American,OH,947,308,8,56,82,99,130,126,86,52
2005,Mid-American,W PA,632,154,17,62,73,89,95,64,45,33
2005,Mid-American,WV,137,19,7,9,18,18,12,19,14,21
2005,Minnkota,MN,9863,1044,59,177,380,1296,1959,2009,1714,1225
2005,Minnkota,ND,853,32,5,67,102,159,191,133,84,80
2005,Minnkota,SD,300,8,3,37,58,54,37,34,33,36
2005,New England,CT,1864,258,10,65,188,297,353,285,221,187
2005,New England,ME,1246,184,15,102,232,192,176,112,114,119
2005,New England,NH,1094,278,3,60,93,155,131,153,111,110
2005,New England,RI,691,91,1,16,56,89,102,93,110,133
2005,New England,VT,1306,316,18,56,93,201,196,161,130,135
2005,New York,NY,4122,691,47,261,466,530,632,564,465,466
2005,Pacific,AK,1643,773,15,38,112,125,167,178,114,121
2005,Pacific,CA,1235,704,20,47,98,112,102,73,54,25
2005,Pacific,HI,0,0,0,0,0,0,0,0,0,0
2005,Pacific,NV,47,20,1,3,3,9,7,2,0,2
2005,Pacific,OR,132,60,4,20,19,8,7,7,7,0
2005,Pacific,WA,737,427,8,30,41,26,57,61,49,38
2005,Rocky Mountain,AZ,360,170,4,19,26,38,37,45,11,10
2005,Rocky Mountain,CO,1930,978,17,81,114,207,196,144,127,66
2005,Rocky Mountain,ID,387,188,5,22,26,39,35,27,25,20
2005,Rocky Mountain,MT,555,231,11,20,48,52,54,51,39,49
2005,Rocky Mountain,NM,181,71,0,10,11,20,19,21,12,17
2005,Rocky Mountain,OK,22,2,0,4,2,4,4,0,2,4
2005,Rocky Mountain,TX,366,121,4,26,53,55,45,36,17,9
2005,Rocky Mountain,UT,311,151,9,22,34,32,27,11,18,7
2005,Rocky Mountain,WY,290,102,1,22,27,33,26,27,27,25
2005,Southeastern,AL,55,18,0,4,4,4,7,8,4,6
2005,Southeastern,AR,10,1,0,0,1,2,1,3,2,0
2005,Southeastern,DC,84,35,3,11,3,5,15,7,4,1
2005,Southeastern,FL,629,319,8,31,37,58,61,56,25,34
2005,Southeastern,GA,122,57,3,5,9,10,12,11,6,9
2005,Southeastern,LA,29,15,2,2,5,2,1,0,2,0
2005,Southeastern,MD,707,216,7,70,110,113,94,59,26,12
2005,Southeastern,MS,13,1,0,0,1,0,4,3,2,2
2005,Southeastern,NC,271,147,8,16,16,28,23,18,13,2
2005,Southeastern,SC,96,43,1,9,7,2,7,9,9,9
2005,Southeastern,TN,117,46,0,3,23,15,10,10,4,6
2005,Southeastern,VA,455,174,16,31,58,51,48,39,25,13
2006,Atlantic,DE,57,38,1,4,3,4,2,4,1,0
2006,Atlantic,NJ,1097,223,10,61,145,178,180,160,82,58
2006,Atlantic,E PA,1157,384,20,137,152,167,129,90,57,21
2006,Central,IL,1961,419,30,130,228,217,278,284,228,147
2006,Central,IA,184,34,2,12,22,16,27,18,21,32
2006,Central,KS,52,14,1,0,2,5,13,10,5,2
2006,Central,MO,316,96,4,21,28,31,41,47,29,19
2006,Central,NE,85,17,1,7,6,6,7,10,20,11
2006,Central,WI,3313,434,34,158,318,432,539,481,418,499
2006,Massachusetts,MA,7780,936,32,333,708,1045,1217,1192,1145,1172
2006,Michigan,MI,4612,1480,85,261,434,535,545,525,387,360
2006,Mid-American,IN,306,107,5,22,21,41,31,24,24,31
2006,Mid-American,KY,137,26,4,19,25,18,22,9,5,9
2006,Mid-American,OH,1040,348,8,54,77,119,144,116,91,83
2006,Mid-American,W PA,660,137,20,68,75,81,100,73,59,47
2006,Mid-American,WV,122,15,0,9,16,17,12,15,14,24
2006,Minnkota,MN,10702,1235,58,214,472,1293,2127,2108,1840,1355
2006,Minnkota,ND,895,30,11,61,100,166,188,131,116,91
2006,Minnkota,SD,351,10,9,40,65,57,53,29,42,46
2006,New England,CT,2129,274,12,98,232,333,363,307,270,240
2006,New England,ME,1306,183,11,141,214,215,161,112,125,144
2006,New England,NH,1184,302,7,50,108,155,151,168,126,117
2006,New England,RI,755,105,7,29,65,94,108,104,111,132
2006,New England,VT,1293,309,8,61,107,181,191,149,129,158
2006,New York,NY,4562,818,59,214,471,598,655,624,546,577
2006,Pacific,AK,1685,787,7,59,83,161,173,172,119,124
2006,Pacific,CA,1349,775,28,65,87,110,98,92,67,27
2006,Pacific,HI,3,2,0,0,0,1,0,0,0,0
2006,Pacific,NV,56,20,0,0,7,9,5,7,2,6
2006,Pacific,OR,159,86,4,16,16,7,11,9,6,4
2006,Pacific,WA,739,428,10,35,28,52,59,54,31,42
2006,Rocky Mountain,AZ,285,106,3,10,33,26,46,30,18,13
2006,Rocky Mountain,CO,2031,1019,21,82,152,217,182,159,125,74
2006,Rocky Mountain,ID,448,222,4,17,35,41,43,31,26,29
2006,Rocky Mountain,MT,546,242,7,19,44,48,49,44,42,51
2006,Rocky Mountain,NM,192,65,3,8,15,27,24,16,19,15
2006,Rocky Mountain,OK,20,3,0,2,1,4,5,1,2,2
2006,Rocky Mountain,TX,518,253,2,30,41,72,38,48,21,13
2006,Rocky Mountain,UT,327,167,10,15,36,33,22,23,14,7
2006,Rocky Mountain,WY,272,89,7,23,30,30,23,26,21,23
2006,Southeastern,AL,63,17,2,1,5,9,6,9,11,3
2006,Southeastern,AR,17,7,0,1,2,1,3,1,0,2
2006,Southeastern,DC,101,48,5,5,3,10,12,8,9,1
2006,Southeastern,FL,602,328,8,31,41,49,62,48,23,12
2006,Southeastern,GA,127,55,1,5,11,12,12,11,12,8
2006,Southeastern,LA,18,10,1,1,4,0,0,1,0,1
2006,Southeastern,MD,825,225,13,83,137,101,93,82,59,32
2006,Southeastern,MS,18,3,0,0,0,3,4,7,0,1
2006,Southeastern,NC,332,195,10,6,27,20,27,19,19,9
2006,Southeastern,SC,108,35,1,7,6,5,9,8,10,27
2006,Southeastern,TN,143,48,0,9,15,9,12,10,15,25
2006,Southeastern,VA,510,197,8,39,75,48,49,48,28,18
2007,Atlantic,DE,61,35,4,5,3,7,2,2,1,2
2007,Atlantic,NJ,1125,224,10,94,139,156,163,146,120,73
2007,Atlantic,E PA,1279,442,30,147,180,172,131,95,56,26
2007,Central,IL,2076,455,24,134,240,244,312,278,230,159
2007,Central,IA,185,28,3,11,13,19,24,25,30,32
2007,Central,KS,51,14,0,2,3,8,11,10,2,1
2007,Central,MO,371,110,7,19,29,32,51,43,31,49
2007,Central,NE,89,6,0,3,6,4,16,22,13,19
2007,Central,WI,3311,492,28,163,289,483,494,434,439,489
2007,Massachusetts,MA,7766,1053,53,396,708,1084,1209,1235,1001,1027
2007,Michigan,MI,4492,1496,60,288,423,517,499,463,409,337
2007,Mid-American,IN,292,98,4,6,29,30,28,36,24,37
2007,Mid-American,KY,125,31,2,13,21,18,13,8,8,11
2007,Mid-American,OH,1088,375,18,53,86,128,139,128,98,63
2007,Mid-American,W PA,720,169,14,59,80,105,92,85,58,58
2007,Mid-American,WV,114,18,0,7,13,16,11,16,11,22
2007,Minnesota,MN,11489,1330,77,326,655,1404,2131,2281,1895,1390
2007,New England,CT,2197,292,8,116,229,356,373,308,282,233
2007,New England,ME,1217,166,9,116,185,199,142,131,120,149
2007,New England,NH,1206,287,1,59,110,125,190,175,140,119
2007,New England,RI,868,134,4,41,77,106,95,121,107,183
2007,New England,VT,1236,260,3,47,80,199,195,152,140,160
2007,New York,NY,4727,810,40,280,462,640,666,633,592,604
2007,Northern Plains,MT,602,280,3,42,47,50,38,49,50,43
2007,Northern Plains,ND,887,21,9,54,122,184,153,133,122,89
2007,Northern Plains,SD,352,14,3,39,65,62,50,37,42,40
2007,Northern Plains,WY,313,104,6,21,31,27,35,35,24,30
2007,Pacific,AK,1670,782,15,60,81,151,180,148,120,133
2007,Pacific,CA,1452,839,22,70,99,104,99,106,72,41
2007,Pacific,HI,2,0,0,2,0,0,0,0,0,0
2007,Pacific,NV,70,34,0,1,7,6,8,4,3,7
2007,Pacific,OR,123,63,0,10,12,10,8,13,4,3
2007,Pacific,WA,814,485,17,29,24,61,52,58,40,48
2007,Rocky Mountain,AZ,295,99,1,12,40,35,48,26,23,11
2007,Rocky Mountain,CO,2084,1049,28,88,199,218,174,143,114,71
2007,Rocky Mountain,ID,528,268,6,22,46,42,39,29,42,34
2007,Rocky Mountain,NM,180,55,2,14,27,21,17,16,16,12
2007,Rocky Mountain,OK,34,17,0,0,3,3,1,4,4,2
2007,Rocky Mountain,TX,595,300,4,33,56,53,51,55,21,22
2007,Rocky Mountain,UT,369,196,8,30,33,33,15,30,14,10
2007,Southeastern,AL,100,46,0,5,5,6,8,16,10,4
2007,Southeastern,AR,18,9,0,1,0,2,2,1,2,1
2007,Southeastern,DC,102,45,2,9,4,16,9,10,6,1
2007,Southeastern,FL,630,334,10,38,42,49,61,27,25,44
2007,Southeastern,GA,156,63,2,7,10,18,15,16,12,13
2007,Southeastern,LA,36,21,1,3,2,0,2,3,0,4
2007,Southeastern,MD,788,238,13,73,129,104,88,66,54,23
2007,Southeastern,MS,20,2,0,0,0,4,5,2,1,6
2007,Southeastern,NC,355,205,2,20,27,32,23,28,11,7
2007,Southeastern,SC,85,36,1,4,6,10,9,5,9,5
2007,Southeastern,TN,136,53,1,12,13,13,10,10,11,13
2007,Southeastern,VA,549,214,8,44,56,55,52,54,44,22
2008,Atlantic,DE,66,35,1,5,5,2,4,1,3,10
2008,Atlantic,NJ,1051,218,14,74,130,156,166,124,117,52
2008,Atlantic,E PA,1320,413,39,140,198,152,136,85,87,70
2008,Central,IL,2062,434,15,161,222,276,272,294,212,176
2008,Central,IA,170,16,3,11,17,28,20,20,20,35
2008,Central,KS,58,20,0,1,4,10,11,3,3,6
2008,Central,MO,390,101,5,28,22,43,44,32,42,73
2008,Central,NE,80,8,0,2,6,11,13,18,10,12
2008,Central,WI,3114,415,27,158,237,474,470,445,390,498
2008,Massachusetts,MA,8043,932,51,391,753,1125,1247,1233,1160,1151
2008,Michigan,MI,4373,1362,57,269,429,463,456,450,404,483
2008,Mid-American,WV,124,14,1,9,17,12,13,11,15,32
2008,Mid-American,W PA,804,146,23,59,96,105,98,96,79,102
2008,Mid-American,IN,324,63,2,16,33,45,44,43,27,51
2008,Mid-American,KY,130,20,1,16,17,19,12,14,10,21
2008,Mid-American,OH,1054,340,15,55,93,133,119,116,100,83
2008,Minnesota,MN,11713,1288,72,344,643,1490,2172,2278,1888,1538
2008,New England,CT,2260,280,22,121,217,339,362,311,281,327
2008,New England,ME,1168,175,16,80,141,199,138,137,118,164
2008,New England,NH,1134,240,7,55,99,155,197,146,114,121
2008,New England,RI,814,117,7,38,82,104,96,114,93,163
2008,New England,VT,1297,244,5,56,105,180,195,157,139,216
2008,New York,NY,5000,862,40,257,525,637,664,737,619,659
2008,Northern Plains,SD,330,25,5,31,54,64,35,38,38,40
2008,Northern Plains,WY,293,98,4,17,30,27,28,23,23,43
2008,Northern Plains,MT,598,274,6,43,44,49,57,46,45,34
2008,Northern Plains,ND,872,9,7,61,106,178,138,141,128,104
2008,Pacific,WA,781,458,10,23,40,61,50,40,40,59
2008,Pacific,OR,95,31,1,9,14,9,8,10,2,11
2008,Pacific,HI,0,0,0,0,0,0,0,0,0,0
2008,Pacific,CA,1350,803,17,47,92,96,97,98,62,38
2008,Pacific,AK,1752,828,17,43,121,149,161,151,138,144
2008,Pacific,NV,70,26,0,1,7,13,7,10,1,5
2008,Rocky Mountain,TX,546,268,9,27,48,41,64,38,28,23
2008,Rocky Mountain,OK,39,16,0,2,8,3,2,4,3,1
2008,Rocky Mountain,UT,336,180,4,22,29,18,26,32,14,11
2008,Rocky Mountain,ID,497,256,6,34,37,43,24,37,31,29
2008,Rocky Mountain,CO,2063,1039,27,107,190,193,191,134,99,83
2008,Rocky Mountain,AZ,329,131,2,19,29,34,27,20,21,46
2008,Rocky Mountain,NM,154,47,1,14,22,11,14,16,11,18
2008,Southeastern,VA,560,203,9,57,56,54,57,58,30,36
2008,Southeastern,TN,119,37,2,7,11,15,11,16,11,9
2008,Southeastern,SC,66,28,1,2,3,9,5,5,5,8
2008,Southeastern,NC,353,190,3,15,24,27,18,37,18,21
2008,Southeastern,MS,12,1,0,0,2,2,2,1,1,3
2008,Southeastern,LA,24,13,0,3,0,1,1,0,2,4
2008,Southeastern,GA,131,46,3,6,10,15,13,19,11,8
2008,Southeastern,FL,559,307,12,18,28,46,46,32,22,48
2008,Southeastern,AR,13,6,0,1,0,0,1,1,2,2
2008,Southeastern,AL,79,32,1,3,7,6,8,11,5,6
2008,Southeastern,MD,817,237,23,91,135,95,77,73,53,33
2008,Southeastern,DC,119,58,4,7,11,16,7,11,4,1
2009,Atlantic,DE,66,42,2,4,6,4,2,2,2,2
2009,Atlantic,E PA,1303,472,26,141,174,157,122,106,65,40
2009,Atlantic,NJ,1069,234,10,90,128,143,152,156,102,54
2009,Central,IL,2256,518,36,153,223,284,283,292,258,209
2009,Central,IA,203,35,3,18,24,27,18,24,23,31
2009,Central,KS,71,29,1,3,8,10,8,4,4,4
2009,Central,MO,374,118,10,20,22,45,29,40,39,51
2009,Central,NE,94,19,1,7,5,9,14,12,9,18
2009,Central,WI,3196,478,29,168,261,453,452,470,395,490
2009,Massachusetts,MA,8550,1102,55,443,836,1088,1354,1300,1139,1233
2009,Michigan,MI,4429,1488,76,286,446,430,439,485,365,414
2009,Mid-American,WV,135,18,1,10,11,12,16,16,22,29
2009,Mid-American,W PA,853,168,14,58,97,100,109,103,101,103
2009,Mid-American,IN,364,93,1,27,33,43,61,27,35,44
2009,Mid-American,KY,141,31,2,16,23,15,12,11,16,15
2009,Mid-American,OH,1059,360,18,62,101,105,113,133,88,79
2009,Minnesota,MN,12250,1417,75,359,715,1544,2308,2277,1881,1674
2009,New England,CT,2319,331,19,128,227,322,343,343,305,301
2009,New England,ME,1163,205,12,78,144,141,164,139,129,151
2009,New England,NH,1126,237,4,55,88,172,173,158,99,140
2009,New England,RI,832,136,11,43,84,81,114,87,92,184
2009,New England,VT,1240,227,7,55,77,180,187,153,145,209
2009,New York,NY,5264,1029,70,271,516,611,700,709,634,724
2009,Northern Plains,SD,342,21,1,38,63,55,42,46,40,36
2009,Northern Plains,WY,294,94,3,22,21,31,30,28,35,30
2009,Northern Plains,MT,691,325,11,37,60,60,65,59,37,37
2009,Northern Plains,ND,866,25,13,66,110,142,153,145,105,107
2009,Pacific,WA,817,476,21,21,54,50,52,41,47,55
2009,Pacific,OR,110,56,3,8,11,10,10,7,4,1
2009,Pacific,HI,0,0,0,0,0,0,0,0,0,0
2009,Pacific,CA,1392,819,9,66,81,91,111,99,71,45
2009,Pacific,AK,1767,830,18,63,106,160,152,155,119,164
2009,Pacific,NV,72,22,0,5,11,5,8,7,6,8
2009,Rocky Mountain,TX,587,310,7,32,47,40,55,46,28,22
2009,Rocky Mountain,OK,39,18,0,3,2,3,3,5,5,0
2009,Rocky Mountain,UT,355,193,9,25,27,18,32,33,9,9
2009,Rocky Mountain,ID,581,296,9,30,41,33,54,51,34,33
2009,Rocky Mountain,CO,2032,996,30,142,170,175,161,141,125,92
2009,Rocky Mountain,AZ,232,86,1,20,23,36,22,14,12,18
2009,Rocky Mountain,NM,166,50,3,12,15,13,14,22,17,20
2009,Southeastern,VA,534,185,19,32,59,53,58,63,37,28
2009,Southeastern,TN,123,39,5,3,14,6,14,24,8,10
2009,Southeastern,SC,59,19,0,1,6,11,5,7,6,4
2009,Southeastern,NC,383,184,5,17,28,24,41,37,31,16
2009,Southeastern,MS,16,6,0,0,4,0,3,0,1,2
2009,Southeastern,LA,34,18,1,2,0,2,0,2,5,4
2009,Southeastern,GA,98,20,2,6,11,13,9,18,9,10
2009,Southeastern,FL,577,330,13,22,34,51,28,32,36,31
2009,Southeastern,AR,19,10,2,0,1,2,1,2,0,1
2009,Southeastern,AL,83,37,1,5,8,5,6,9,2,10
2009,Southeastern,MD,862,272,18,90,133,91,90,82,57,29
2009,Southeastern,DC,124,59,6,7,11,9,10,10,7,5
2010,Atlantic,DE,67,43,1,8,3,5,2,4,0,1
2010,Atlantic,E PA,1426,513,41,145,196,150,136,135,65,45
2010,Atlantic,NJ,1107,228,22,64,98,141,154,178,127,95
2010,Central,IL,2516,562,33,166,252,275,336,345,306,241
2010,Central,IA,213,43,4,16,26,17,27,19,26,35
2010,Central,KS,93,25,0,4,10,9,12,10,13,10
2010,Central,MO,426,145,5,19,30,39,36,46,51,55
2010,Central,NE,124,15,0,3,10,6,23,12,23,32
2010,Central,WI,3328,572,36,149,266,415,458,473,443,516
2010,Massachusetts,MA,9102,1297,65,432,838,1147,1313,1373,1220,1417
2010,Michigan,MI,4883,1697,89,296,406,457,485,543,419,491
2010,Mid-American,WV,132,16,1,6,11,16,6,18,19,39
2010,Mid-American,W PA,1104,178,22,66,118,99,117,124,151,229
2010,Mid-American,IN,357,101,1,23,34,38,43,35,36,46
2010,Mid-American,KY,139,35,3,14,25,15,14,15,11,7
2010,Mid-American,OH,1101,396,16,68,99,94,121,125,102,80
2010,Minnesota,MN,12573,1518,68,354,737,1564,2328,2229,1959,1816
2010,New England,CT,2333,380,25,111,207,300,353,358,298,301
2010,New England,ME,1226,219,17,67,130,152,172,153,135,181
2010,New England,NH,1138,240,8,66,97,172,161,141,105,148
2010,New England,RI,827,137,8,47,77,84,113,94,87,180
2010,New England,VT,1341,225,10,56,90,187,197,168,154,254
2010,New York,NY,5534,1090,54,309,501,600,770,725,709,776
2010,Northern Plains,SD,395,18,3,46,69,50,51,58,54,46
2010,Northern Plains,WY,328,91,4,27,29,42,40,26,36,33
2010,Northern Plains,MT,786,387,8,48,59,63,53,74,38,56
2010,Northern Plains,ND,1005,42,12,62,116,131,179,186,134,143
2010,Pacific,WA,852,509,10,26,51,48,34,56,56,62
2010,Pacific,OR,104,51,1,8,9,10,8,4,7,6
2010,Pacific,HI,0,0,0,0,0,0,0,0,0,0
2010,Pacific,CA,1661,962,23,78,85,113,126,114,88,72
2010,Pacific,AK,1870,926,15,65,112,138,132,165,133,184
2010,Pacific,NV,87,27,2,4,9,12,10,5,10,8
2010,Rocky Mountain,TX,703,373,8,41,37,68,51,55,38,32
2010,Rocky Mountain,OK,38,14,2,2,3,3,7,1,4,2
2010,Rocky Mountain,UT,368,200,8,21,19,26,34,29,16,15
2010,Rocky Mountain,ID,575,284,12,27,37,44,55,37,40,39
2010,Rocky Mountain,CO,2110,1072,29,113,159,181,171,156,132,97
2010,Rocky Mountain,AZ,260,96,4,11,28,35,22,22,20,22
2010,Rocky Mountain,NM,203,66,5,10,17,12,24,20,27,22
2010,Southeastern,VA,599,230,5,33,49,58,70,55,54,45
2010,Southeastern,TN,137,30,2,8,12,13,17,18,13,24
2010,Southeastern,SC,79,26,1,3,9,10,8,3,11,8
2010,Southeastern,NC,403,187,5,14,30,29,37,44,31,26
2010,Southeastern,MS,17,7,0,1,1,1,2,3,1,1
2010,Southeastern,LA,29,13,1,2,0,1,1,2,3,6
2010,Southeastern,GA,154,55,2,5,17,11,17,20,19,8
2010,Southeastern,FL,609,340,11,25,41,37,38,55,36,26
2010,Southeastern,AR,24,10,0,1,1,3,1,4,0,4
2010,Southeastern,AL,95,41,1,3,3,8,10,9,7,13
2010,Southeastern,MD,891,299,17,66,109,96,90,93,75,46
2010,Southeastern,DC,137,70,7,5,9,8,10,12,9,7
2011,Atlantic,DE,87,60,1,9,6,1,4,3,2,1
2011,Atlantic,E PA,1504,529,44,134,184,187,178,128,77,43
2011,Atlantic,NJ,1194,219,27,76,115,150,193,190,141,83
2011,Central,IL,2543,567,25,168,252,288,335,365,303,240
2011,Central,IA,249,47,4,22,25,24,27,32,24,44
2011,Central,KS,108,28,0,4,11,10,13,13,14,15
2011,Central,MO,483,136,3,11,46,51,51,62,57,66
2011,Central,NE,125,15,0,3,5,15,17,14,26,30
2011,Central,WI,3352,569,25,172,223,383,482,471,444,583
2011,Massachusetts,MA,9564,1238,61,485,792,1249,1399,1471,1334,1535
2011,Michigan,MI,4620,1654,87,251,377,419,512,470,417,433
2011,Mid-American,WV,108,10,2,3,6,10,13,14,13,37
2011,Mid-American,W PA,1211,200,19,88,105,115,146,152,165,221
2011,Mid-American,IN,367,115,7,16,21,52,41,41,40,34
2011,Mid-American,KY,122,31,7,10,15,10,15,16,7,11
2011,Mid-American,OH,1065,366,13,67,91,90,120,123,117,78
2011,Minnesota,MN,12697,1546,68,368,760,1615,2324,2191,2012,1813
2011,New England,CT,2482,415,32,113,215,292,369,359,333,354
2011,New England,ME,1147,173,8,57,104,156,178,154,131,186
2011,New England,NH,1142,240,9,38,99,167,184,144,108,153
2011,New England,RI,796,128,12,29,43,110,92,100,111,171
2011,New England,VT,1229,204,15,64,85,184,171,149,152,205
2011,New York,NY,5477,1010,66,272,463,615,756,780,739,776
2011,Northern Plains,SD,423,18,6,44,64,61,56,60,49,65
2011,Northern Plains,WY,349,87,6,22,42,46,27,36,38,45
2011,Northern Plains,MT,873,432,16,42,57,63,73,70,63,57
2011,Northern Plains,ND,1075,42,9,63,98,148,180,209,155,171
2011,Pacific,WA,814,454,8,34,39,52,47,60,60,60
2011,Pacific,OR,102,52,0,9,8,9,7,4,4,9
2011,Pacific,HI,0,0,0,0,0,0,0,0,0,0
2011,Pacific,CA,1676,920,26,66,95,118,146,126,115,64
2011,Pacific,AK,1859,920,23,68,121,132,142,162,127,164
2011,Pacific,NV,66,20,0,7,3,9,5,8,10,4
2011,Rocky Mountain,TX,694,369,10,32,38,58,66,53,37,31
2011,Rocky Mountain,OK,36,9,0,0,2,2,10,3,7,3
2011,Rocky Mountain,UT,417,218,7,20,23,40,34,27,31,17
2011,Rocky Mountain,ID,582,293,2,27,32,45,51,40,44,48
2011,Rocky Mountain,CO,2220,1106,35,129,142,183,173,185,149,118
2011,Rocky Mountain,AZ,314,119,1,18,39,30,29,29,16,33
2011,Rocky Mountain,NM,190,70,2,8,15,14,17,25,19,20
2011,Southeastern,VA,624,231,6,43,39,70,71,70,58,36
2011,Southeastern,TN,131,33,1,5,3,15,21,18,16,19
2011,Southeastern,SC,58,18,0,3,5,6,1,8,7,10
2011,Southeastern,NC,467,215,9,20,18,46,47,52,30,30
2011,Southeastern,MS,25,7,0,2,0,2,2,7,4,1
2011,Southeastern,LA,31,16,1,0,1,2,1,1,2,7
2011,Southeastern,GA,164,70,0,10,12,9,20,21,15,7
2011,Southeastern,FL,628,334,9,22,36,34,49,68,42,34
2011,Southeastern,AR,18,9,0,0,1,1,3,2,1,1
2011,Southeastern,AL,101,40,2,3,7,11,8,6,15,9
2011,Southeastern,MD,933,307,22,68,88,92,121,100,73,62
2011,Southeastern,DC,150,77,1,5,9,11,18,12,12,5
2012,Atlantic,DE,78,47,3,3,6,6,5,2,4,2
2012,Atlantic,E PA,1426,518,32,132,175,157,189,118,69,36
2012,Atlantic,NJ,1209,246,13,64,112,175,209,172,142,76
2012,Central,IL,2593,612,32,165,246,311,317,388,296,226
2012,Central,IA,259,52,14,19,17,29,30,37,24,37
2012,Central,KS,83,23,2,4,10,9,7,8,11,9
2012,Central,MO,469,136,2,19,34,27,45,72,59,75
2012,Central,NE,127,7,1,7,5,20,17,17,28,25
2012,Central,WI,3188,564,19,169,209,376,485,459,402,505
2012,Massachusetts,MA,9462,1247,45,481,885,1244,1502,1448,1265,1345
2012,Michigan,MI,4648,1666,81,255,396,440,492,454,431,433
2012,Mid-American,WV,134,16,1,8,14,9,15,19,16,36
2012,Mid-American,W PA,1095,178,23,82,84,119,138,132,162,177
2012,Mid-American,IN,405,126,10,22,26,46,49,48,42,36
2012,Mid-American,KY,135,47,0,16,15,12,10,12,11,12
2012,Mid-American,OH,1044,342,17,65,72,103,130,131,111,73
2012,Minnesota,MN,12358,1649,82,349,734,1628,2186,2124,1914,1692
2012,New England,CT,2379,371,17,108,200,309,372,378,308,316
2012,New England,ME,1114,156,14,62,84,153,179,164,131,171
2012,New England,NH,1037,162,8,59,124,149,151,123,122,139
2012,New England,RI,708,116,7,43,59,94,92,78,93,126
2012,New England,VT,1305,302,13,46,70,170,182,176,152,194
2012,New York,NY,5409,1015,63,277,451,673,760,777,653,740
2012,Northern Plains,SD,424,27,2,52,56,51,59,59,49,69
2012,Northern Plains,WY,369,123,3,27,39,40,30,36,26,45
2012,Northern Plains,MT,857,444,5,46,62,55,83,50,55,57
2012,Northern Plains,ND,1080,34,5,61,81,160,204,205,167,163
2012,Pacific,WA,848,497,13,30,37,36,56,61,49,69
2012,Pacific,OR,150,84,0,9,9,11,6,9,11,11
2012,Pacific,HI,0,0,0,0,0,0,0,0,0,0
2012,Pacific,CA,1766,1022,21,62,100,138,131,125,98,69
2012,Pacific,AK,1763,884,26,72,94,129,137,135,112,174
2012,Pacific,NV,68,29,0,3,6,6,4,11,4,5
2012,Rocky Mountain,TX,721,399,9,26,53,53,49,61,37,34
2012,Rocky Mountain,OK,39,12,1,2,2,8,3,8,3,0
2012,Rocky Mountain,UT,412,208,7,15,32,45,30,44,20,11
2012,Rocky Mountain,ID,584,306,6,26,37,47,37,43,47,35
2012,Rocky Mountain,CO,2149,1055,52,108,154,164,181,181,132,122
2012,Rocky Mountain,AZ,301,118,3,22,33,31,26,30,13,25
2012,Rocky Mountain,NM,189,71,1,11,10,20,19,21,16,20
2012,Southeastern,VA,643,236,13,23,57,75,70,81,41,47
2012,Southeastern,TN,142,53,0,4,11,17,18,14,17,8
2012,Southeastern,SC,66,22,0,5,9,4,3,9,2,12
2012,Southeastern,NC,433,186,4,19,24,45,45,48,33,29
2012,Southeastern,MS,18,5,1,0,1,3,2,1,3,2
2012,Southeastern,LA,37,25,0,0,2,0,2,2,3,3
2012,Southeastern,GA,140,55,1,6,7,14,22,18,10,7
2012,Southeastern,FL,623,320,3,28,26,41,60,56,41,48
2012,Southeastern,AR,19,4,1,3,2,0,2,1,3,3
2012,Southeastern,AL,79,35,2,4,3,9,7,5,6,8
2012,Southeastern,MD,955,318,14,60,81,115,128,114,70,55
2012,Southeastern,DC,160,82,0,6,6,12,12,16,15,11
2013,Atlantic,DE,71,40,1,6,1,6,3,5,4,5
2013,Atlantic,E PA,1545,504,33,140,167,210,181,128,94,88
2013,Atlantic,NJ,1316,295,22,63,118,192,200,179,150,97
2013,Central,IL,2758,655,36,170,263,322,358,386,298,270
2013,Central,IA,283,71,10,24,26,28,34,25,25,40
2013,Central,KS,100,30,1,8,9,8,13,8,10,13
2013,Central,MO,492,153,2,19,29,37,58,51,59,84
2013,Central,NE,137,7,1,5,16,17,17,22,27,25
2013,Central,WI,3098,568,38,126,153,401,447,449,377,539
2013,Massachusetts,MA,9816,1368,63,480,986,1347,1501,1484,1231,1356
2013,Michigan,MI,4613,1665,75,266,364,469,442,465,399,468
2013,Mid-American,WV,135,24,0,8,8,9,14,11,25,36
2013,Mid-American,W PA,1150,169,19,81,96,122,159,151,186,167
2013,Mid-American,IN,428,99,3,21,34,37,45,48,48,93
2013,Mid-American,KY,145,53,1,13,10,12,16,11,13,16
2013,Mid-American,OH,1026,338,13,55,70,116,128,134,94,78
2013,Minnesota,MN,12561,1817,68,364,698,1654,2141,2106,1896,1817
2013,New England,CT,2435,358,25,112,195,316,385,398,296,350
2013,New England,ME,1053,175,5,34,95,169,165,129,121,160
2013,New England,NH,1106,184,6,66,118,161,134,147,126,164
2013,New England,RI,732,125,6,29,76,76,88,94,101,137
2013,New England,VT,1319,306,9,38,59,159,191,175,172,210
2013,New York,NY,5344,1059,57,262,472,654,718,765,598,759
2013,Northern Plains,SD,456,29,7,45,64,58,66,63,53,71
2013,Northern Plains,WY,353,111,3,37,47,27,35,27,27,39
2013,Northern Plains,MT,884,450,11,39,67,65,49,63,61,79
2013,Northern Plains,ND,1160,43,11,62,113,152,219,177,188,195
2013,Pacific,WA,852,479,16,28,39,40,61,60,51,78
2013,Pacific,OR,198,114,5,8,11,10,9,14,13,14
2013,Pacific,HI,0,0,0,0,0,0,0,0,0,0
2013,Pacific,CA,1825,1042,18,57,111,154,127,136,99,81
2013,Pacific,AK,1811,925,17,63,108,122,130,121,116,209
2013,Pacific,NV,54,28,0,0,5,3,5,5,6,2
2013,Rocky Mountain,TX,771,429,7,22,48,52,63,57,43,50
2013,Rocky Mountain,OK,23,5,0,1,2,6,2,5,2,0
2013,Rocky Mountain,UT,391,200,10,14,37,32,37,34,13,14
2013,Rocky Mountain,ID,619,327,5,20,33,51,36,54,50,43
2013,Rocky Mountain,CO,2193,1112,34,99,144,165,196,171,154,118
2013,Rocky Mountain,AZ,305,118,1,22,29,24,41,24,19,27
2013,Rocky Mountain,NM,189,69,2,10,12,17,20,20,20,19
2013,Southeastern,VA,704,262,6,31,57,74,86,77,62,49
2013,Southeastern,TN,148,49,3,5,15,17,19,13,11,16
2013,Southeastern,SC,57,21,0,4,4,5,5,5,8,5
2013,Southeastern,NC,436,186,4,15,29,37,46,44,38,37
2013,Southeastern,MS,21,9,0,0,0,1,3,1,4,3
2013,Southeastern,LA,45,28,0,0,0,1,1,2,4,9
2013,Southeastern,GA,129,54,1,6,5,8,22,20,5,8
2013,Southeastern,FL,640,345,14,26,31,45,59,52,39,29
2013,Southeastern,AR,19,6,0,1,1,1,2,1,1,6
2013,Southeastern,AL,85,33,3,1,7,6,3,12,4,16
2013,Southeastern,MD,1023,322,25,51,99,140,137,112,81,56
2013,Southeastern,DC,176,81,6,6,10,11,13,23,18,8
2014,Atlantic,DE,80,42,3,6,4,7,4,9,4,1
2014,Atlantic,E PA,1534,513,36,133,198,228,163,124,85,54
2014,Atlantic,NJ,1442,285,18,75,162,219,206,220,162,95
2014,Central,IL,2840,690,30,188,273,322,431,413,278,215
2014,Central,IA,304,67,12,17,34,30,36,28,32,48
2014,Central,KS,98,32,0,4,9,8,12,11,12,10
2014,Central,MO,560,149,5,28,27,46,73,77,78,77
2014,Central,NE,181,19,7,10,24,23,24,28,23,23
2014,Central,WI,3093,593,23,94,141,403,457,422,397,563
2014,Massachusetts,MA,10310,1494,55,503,979,1416,1558,1533,1298,1474
2014,Michigan,MI,4794,1766,94,275,400,465,447,476,397,474
2014,Mid-American,WV,130,16,2,17,2,11,12,15,24,31
2014,Mid-American,W PA,1136,166,24,59,106,138,145,154,185,159
2014,Mid-American,IN,496,117,6,24,28,43,54,66,58,100
2014,Mid-American,KY,126,51,0,11,10,10,10,12,8,14
2014,Mid-American,OH,1051,315,21,52,86,116,141,143,105,72
2014,Minnesota,MN,12808,1853,55,392,766,1610,2138,2103,1995,1896
2014,New England,CT,2423,303,20,114,187,325,401,384,327,362
2014,New England,ME,1089,177,4,55,108,154,164,131,124,172
2014,New England,NH,1105,181,12,82,112,149,130,157,118,164
2014,New England,RI,739,130,9,42,67,72,80,104,87,148
2014,New England,VT,1255,251,7,43,53,174,181,183,171,192
2014,New York,NY,5339,1025,50,243,522,644,754,702,633,766
2014,Northern Plains,SD,465,23,5,41,60,63,69,62,69,73
2014,Northern Plains,WY,382,102,8,34,45,34,38,41,35,45
2014,Northern Plains,MT,905,455,10,52,45,69,57,83,69,65
2014,Northern Plains,ND,1236,53,12,49,102,192,215,201,203,209
2014,Pacific,WA,938,520,12,27,42,52,77,66,60,82
2014,Pacific,OR,224,140,1,8,10,6,14,27,11,7
2014,Pacific,HI,0,0,0,0,0,0,0,0,0,0
2014,Pacific,CA,2029,1049,13,76,142,161,177,165,142,104
2014,Pacific,AK,1865,909,22,65,97,120,139,138,121,254
2014,Pacific,NV,72,31,0,2,7,4,11,7,5,5
2014,Rocky Mountain,TX,772,382,7,37,42,56,74,66,48,60
2014,Rocky Mountain,OK,37,14,0,2,6,2,5,5,1,2
2014,Rocky Mountain,UT,427,237,3,21,45,28,41,19,19,14
2014,Rocky Mountain,ID,696,343,9,31,48,46,57,60,50,52
2014,Rocky Mountain,CO,2193,1096,31,109,138,175,207,157,165,115
2014,Rocky Mountain,AZ,508,188,9,20,34,40,49,47,50,71
2014,Rocky Mountain,NM,205,74,2,8,13,19,21,26,23,19
2014,Southeastern,VA,770,265,15,46,60,78,103,80,66,57
2014,Southeastern,TN,174,65,0,10,15,19,15,20,17,13
2014,Southeastern,SC,97,36,3,3,4,4,9,9,19,10
2014,Southeastern,NC,460,199,3,13,36,36,51,51,43,28
2014,Southeastern,MS,13,5,0,0,0,2,0,2,2,2
2014,Southeastern,LA,39,20,0,1,0,3,3,4,3,5
2014,Southeastern,GA,152,57,3,6,9,16,14,17,14,16
2014,Southeastern,FL,676,361,10,20,44,50,64,66,38,23
2014,Southeastern,AR,28,11,0,1,2,0,2,3,4,5
2014,Southeastern,AL,118,36,3,2,6,5,9,15,15,27
2014,Southeastern,MD,1151,390,17,59,119,141,158,119,82,66
2014,Southeastern,DC,179,82,2,6,8,10,20,26,13,12
2015,Atlantic,DE,81,37,4,1,9,6,7,6,7,4
2015,Atlantic,E PA,1658,505,25,123,249,185,202,196,112,61
2015,Atlantic,NJ,1460,291,12,72,163,214,213,220,162,113
2015,Central,IL,3005,719,44,190,296,350,436,423,286,261
2015,Central,IA,307,74,4,22,24,38,36,27,44,38
2015,Central,KS,99,29,0,8,6,11,12,21,8,4
2015,Central,MO,672,159,9,20,31,64,64,115,108,102
2015,Central,NE,182,21,4,15,16,21,27,31,21,26
2015,Central,WI,3271,566,23,86,157,385,445,442,490,677
2015,Massachusetts,MA,10527,1575,65,568,985,1446,1575,1499,1321,1493
2015,Michigan,MI,4984,1829,87,268,427,437,464,493,442,537
2015,Mid-American,WV,137,25,5,6,5,14,10,24,24,24
2015,Mid-American,W PA,1221,203,9,66,110,152,152,162,173,194
2015,Mid-American,IN,515,105,6,29,22,33,75,70,49,126
2015,Mid-American,KY,132,55,3,6,9,9,11,12,12,15
2015,Mid-American,OH,1084,327,17,49,89,117,143,126,115,101
2015,Minnesota,MN,13354,1885,54,405,755,1653,2105,2207,2104,2186
2015,New England,CT,2416,270,27,112,204,333,422,360,344,344
2015,New England,ME,1116,182,11,47,97,138,176,135,131,199
2015,New England,NH,1086,147,14,76,120,143,159,150,128,149
2015,New England,RI,739,105,7,47,63,70,87,96,93,171
2015,New England,VT,1334,294,11,37,54,184,176,176,169,233
2015,New York,NY,5666,995,43,281,531,652,769,758,694,943
2015,Northern Plains,SD,485,23,0,44,58,70,73,61,71,85
2015,Northern Plains,WY,405,110,5,35,35,37,36,42,45,60
2015,Northern Plains,MT,948,475,6,49,58,62,71,78,67,82
2015,Northern Plains,ND,1351,50,9,64,106,211,177,246,250,238
2015,Pacific,WA,1092,513,11,33,48,66,89,95,115,122
2015,Pacific,OR,265,154,0,11,10,14,24,25,15,12
2015,Pacific,HI,0,0,0,0,0,0,0,0,0,0
2015,Pacific,CA,2287,1144,22,84,171,165,203,187,204,107
2015,Pacific,AK,1935,926,10,64,95,111,147,156,159,267
2015,Pacific,NV,60,23,0,2,1,6,6,12,5,5
2015,Rocky Mountain,TX,808,397,9,27,47,67,89,67,58,47
2015,Rocky Mountain,OK,41,15,0,2,5,5,6,3,4,1
2015,Rocky Mountain,UT,503,256,8,35,39,51,41,33,18,22
2015,Rocky Mountain,ID,674,323,3,19,59,52,59,59,50,50
2015,Rocky Mountain,CO,2275,1066,36,100,143,204,196,226,177,127
2015,Rocky Mountain,AZ,535,188,6,24,29,47,51,53,54,83
2015,Rocky Mountain,NM,228,70,3,6,20,18,28,26,18,39
2015,Southeastern,VA,844,273,14,47,79,89,104,88,89,61
2015,Southeastern,TN,206,70,3,11,14,16,13,20,33,26
2015,Southeastern,SC,86,39,1,4,3,2,6,13,11,7
2015,Southeastern,NC,487,197,3,17,25,52,58,53,41,41
2015,Southeastern,MS,27,3,0,0,0,3,1,4,2,14
2015,Southeastern,LA,51,17,0,0,1,3,7,3,6,14
2015,Southeastern,GA,151,57,1,6,11,20,20,13,6,17
2015,Southeastern,FL,727,374,6,22,45,75,81,51,49,24
2015,Southeastern,AR,29,12,0,2,0,0,6,1,2,6
2015,Southeastern,AL,126,42,1,4,5,5,12,14,14,29
2015,Southeastern,MD,1208,385,14,88,132,166,127,129,93,74
2015,Southeastern,DC,196,79,1,5,8,10,29,14,21,29
2016,Atlantic,DE,107,38,2,8,7,11,10,9,8,14
2016,Atlantic,E PA,1623,486,26,124,225,198,183,165,126,90
2016,Atlantic,NJ,1640,302,15,90,144,186,254,229,231,189
2016,Central,IL,3097,740,37,200,281,376,453,444,298,268
2016,Central,IA,332,52,4,24,20,30,42,39,52,69
2016,Central,KS,96,28,1,5,6,8,13,13,14,8
2016,Central,MO,760,161,3,20,42,68,81,125,101,159
2016,Central,NE,221,30,3,17,17,18,32,31,38,35
2016,Central,WI,3555,616,26,94,168,382,446,488,546,789
2016,Massachusetts,MA,10693,1523,69,545,1060,1446,1552,1550,1381,1567
2016,Michigan,MI,5105,1789,80,283,379,428,497,484,504,661
2016,Mid-American,IN,495,111,7,17,25,48,61,64,40,122
2016,Mid-American,KY,125,58,3,3,9,8,10,13,11,10
2016,Mid-American,OH,1143,325,15,54,88,116,157,137,145,106
2016,Mid-American,W PA,1234,192,25,93,112,137,140,155,194,186
2016,Mid-American,WV,122,14,2,1,7,7,15,22,28,26
2016,Minnesota,MN,13580,1900,47,421,764,1617,2136,2259,2162,2274
2016,New England,CT,2427,282,20,110,221,360,410,369,335,320
2016,New England,ME,1211,148,8,58,84,160,189,147,153,264
2016,New England,NH,1107,129,7,73,107,133,163,144,171,180
2016,New England,RI,679,96,9,32,38,67,91,88,100,158
2016,New England,VT,1231,189,5,36,59,162,188,183,170,239
2016,New York,NY,5861,1015,48,288,507,700,733,760,760,1050
2016,Northern Plains,MT,961,485,13,33,67,63,75,71,76,78
2016,Northern Plains,ND,1422,59,5,59,137,190,193,248,242,289
2016,Northern Plains,SD,489,12,2,44,59,70,63,72,75,92
2016,Northern Plains,WY,438,105,9,28,32,47,47,51,53,66
2016,Pacific,AK,1965,921,19,66,103,131,141,153,162,269
2016,Pacific,CA,2517,1111,17,100,167,192,208,264,258,200
2016,Pacific,HI,21,15,0,1,0,0,0,1,2,2
2016,Pacific,NV,67,26,1,1,3,6,11,7,9,3
2016,Pacific,OR,304,154,2,9,6,16,33,36,29,19
2016,Pacific,WA,1180,504,16,32,63,76,95,133,129,132
2016,Rocky Mountain,AZ,580,214,6,22,38,53,52,68,60,67
2016,Rocky Mountain,CO,2431,1077,22,98,155,212,201,224,255,187
2016,Rocky Mountain,ID,721,338,3,35,54,53,66,56,53,63
2016,Rocky Mountain,NM,212,56,0,13,16,21,27,26,17,36
2016,Rocky Mountain,OK,65,8,0,3,3,5,8,6,13,19
2016,Rocky Mountain,TX,882,377,9,23,45,78,81,64,109,96
2016,Rocky Mountain,UT,533,263,9,37,51,57,31,33,24,28
2016,Southeastern,AL,171,38,2,7,3,11,16,18,38,38
2016,Southeastern,AR,38,12,0,1,0,1,1,3,11,9
2016,Southeastern,DC,217,61,1,7,4,17,30,19,31,47
2016,Southeastern,FL,862,356,7,34,48,80,87,59,91,100
2016,Southeastern,GA,142,50,1,5,18,20,15,14,10,9
2016,Southeastern,LA,63,8,0,1,3,5,4,5,10,27
2016,Southeastern,MD,1284,387,17,65,144,153,134,128,140,116
2016,Southeastern,MS,20,4,0,2,2,0,1,3,4,4
2016,Southeastern,NC,513,181,1,19,29,64,55,47,54,63
2016,Southeastern,SC,105,37,1,3,7,11,10,12,13,11
2016,Southeastern,TN,273,63,3,11,19,15,25,40,54,43
2016,Southeastern,VA,912,253,13,60,67,103,94,103,118,101
2017,Atlantic,DE,115,32,2,7,8,10,11,13,22,10
2017,Atlantic,E PA,1751,483,21,170,191,226,210,177,156,117
2017,Atlantic,NJ,1751,310,31,80,151,202,259,250,267,201
2017,Central,IL,3372,767,26,178,308,410,415,441,445,382
2017,Central,IA,355,59,10,12,25,28,41,54,61,65
2017,Central,KS,100,42,2,2,6,5,18,12,5,8
2017,Central,MO,771,169,4,22,54,67,92,111,123,129
2017,Central,NE,231,52,8,13,12,31,34,29,29,23
2017,Central,WI,3873,651,26,106,199,382,459,558,599,893
2017,Massachusetts,MA,10855,1459,62,606,1060,1461,1524,1581,1497,1605
2017,Michigan,MI,5041,1744,64,268,367,432,478,479,532,677
2017,Mid-American,IN,507,128,8,18,33,62,70,64,55,69
2017,Mid-American,KY,155,63,1,2,7,8,16,11,23,24
2017,Mid-American,OH,1195,295,14,72,91,131,149,151,161,131
2017,Mid-American,W PA,1321,204,26,75,127,151,144,169,242,183
2017,Mid-American,WV,130,14,0,3,10,8,22,25,24,24
2017,Minnesota,MN,13883,1862,58,410,714,1559,2179,2298,2375,2428
2017,New England,CT,2556,280,21,130,237,383,383,413,321,388
2017,New England,ME,1257,161,2,48,89,179,166,138,140,334
2017,New England,NH,1107,138,14,80,96,148,138,156,151,186
2017,New England,RI,655,99,8,23,34,65,85,88,103,150
2017,New England,VT,1212,160,9,35,72,160,195,185,170,226
2017,New York,NY,5992,995,53,289,532,688,734,796,818,1087
2017,Northern Plains,MT,998,493,8,53,54,71,75,84,86,74
2017,Northern Plains,ND,1460,65,12,52,135,165,206,260,237,328
2017,Northern Plains,SD,472,23,1,42,67,70,54,81,56,78
2017,Northern Plains,WY,437,109,9,31,38,48,44,47,58,53
2017,Pacific,AK,1987,924,11,64,109,144,159,143,184,249
2017,Pacific,CA,2963,1163,21,113,174,211,262,375,351,293
2017,Pacific,HI,26,14,0,1,1,0,0,4,2,4
2017,Pacific,NV,107,53,1,3,5,7,12,9,10,7
2017,Pacific,OR,311,137,4,8,9,23,35,35,32,28
2017,Pacific,WA,1308,556,10,37,62,86,109,152,116,180
2017,Rocky Mountain,AZ,757,209,10,33,50,59,70,101,107,118
2017,Rocky Mountain,CO,2689,1156,35,106,174,185,254,279,293,207
2017,Rocky Mountain,ID,713,337,1,39,49,59,68,60,44,56
2017,Rocky Mountain,NM,224,60,4,8,13,20,28,23,28,40
2017,Rocky Mountain,OK,67,7,0,1,0,3,13,12,15,16
2017,Rocky Mountain,TX,953,405,7,31,49,70,82,104,106,99
2017,Rocky Mountain,UT,526,261,7,29,56,47,40,26,31,29
2017,Southeastern,AL,213,47,4,4,8,12,14,24,41,59
2017,Southeastern,AR,34,6,0,0,0,1,2,6,10,9
2017,Southeastern,DC,263,74,1,4,6,26,20,30,33,69
2017,Southeastern,FL,903,370,13,29,61,84,77,96,101,72
2017,Southeastern,GA,173,47,0,8,26,19,21,21,16,15
2017,Southeastern,LA,65,14,0,2,4,4,5,11,10,15
2017,Southeastern,MD,1410,420,17,83,153,137,148,166,156,130
2017,Southeastern,MS,23,4,0,1,1,1,1,5,5,5
2017,Southeastern,NC,640,177,8,15,44,53,65,77,95,106
2017,Southeastern,SC,124,41,1,5,5,12,17,14,19,10
2017,Southeastern,TN,344,85,7,10,15,27,29,49,52,70
2017,Southeastern,VA,980,270,16,53,72,81,117,141,116,114
2018,Atlantic,DE,107,33,3,4,8,10,11,17,15,6
2018,Atlantic,E PA,1818,507,28,153,238,204,204,194,173,117
2018,Atlantic,NJ,1815,298,24,85,135,241,255,301,269,207
2018,Central,IL,3410,774,45,206,363,423,428,450,398,323
2018,Central,IA,370,59,8,16,22,29,44,68,63,61
2018,Central,KS,139,56,2,2,5,15,17,21,13,8
2018,Central,MO,804,160,2,24,65,76,112,110,121,134
2018,Central,NE,206,28,8,13,16,33,27,25,32,24
2018,Central,WI,4121,678,25,115,214,381,525,630,654,899
2018,Massachusetts,MA,11367,1492,77,659,1086,1453,1596,1658,1567,1779
2018,Michigan,MI,5266,1806,105,272,330,432,475,521,560,766
2018,Mid-American,IN,539,125,3,22,28,57,91,75,70,68
2018,Mid-American,KY,169,61,1,3,7,13,15,19,29,21
2018,Mid-American,OH,1326,331,16,62,98,139,157,203,191,129
2018,Mid-American,W PA,1421,219,35,80,111,133,168,236,236,203
2018,Mid-American,WV,131,15,0,3,7,14,19,20,21,32
2018,Minnesota,MN,14223,1885,62,405,753,1587,2236,2394,2424,2477
2018,New England,CT,2711,266,14,126,270,386,413,426,363,447
2018,New England,ME,1179,125,8,35,72,152,171,152,162,302
2018,New England,NH,1092,145,14,60,107,139,132,160,157,178
2018,New England,RI,673,110,7,19,35,78,88,86,106,144
2018,New England,VT,1182,155,8,43,76,151,184,164,167,234
2018,New York,NY,6414,1128,87,300,556,653,733,866,868,1222
2018,Northern Plains,MT,1073,541,8,46,52,62,74,104,86,100
2018,Northern Plains,ND,1470,47,7,72,115,167,232,240,269,321
2018,Northern Plains,SD,504,11,6,43,75,66,69,70,72,92
2018,Northern Plains,WY,450,123,4,26,47,50,53,56,45,46
2018,Pacific,AK,2013,939,16,69,116,135,145,159,171,263
2018,Pacific,CA,3224,1208,26,116,187,240,318,426,398,305
2018,Pacific,HI,38,19,0,1,0,0,5,5,4,4
2018,Pacific,NV,204,86,0,5,10,14,21,32,24,12
2018,Pacific,OR,338,159,3,6,14,34,38,30,26,28
2018,Pacific,WA,1365,556,9,39,61,104,129,140,153,174
2018,Rocky Mountain,AZ,764,197,13,28,52,74,87,125,106,82
2018,Rocky Mountain,CO,2788,1259,35,99,165,201,271,293,282,183
2018,Rocky Mountain,ID,778,322,19,29,48,68,66,72,74,80
2018,Rocky Mountain,NM,220,64,1,11,14,20,31,25,25,29
2018,Rocky Mountain,OK,82,9,2,1,1,8,18,17,12,14
2018,Rocky Mountain,TX,995,386,6,31,55,78,98,127,108,106
2018,Rocky Mountain,UT,549,269,14,26,68,38,45,31,33,25
2018,Southeastern,AL,235,65,2,5,7,15,21,35,39,46
2018,Southeastern,AR,37,5,0,0,1,0,3,12,8,8
2018,Southeastern,DC,287,78,0,6,10,23,26,29,30,85
2018,Southeastern,FL,1032,412,11,36,66,87,90,107,142,81
2018,Southeastern,GA,176,50,3,14,21,18,21,16,18,15
2018,Southeastern,LA,39,7,0,3,4,1,7,2,5,10
2018,Southeastern,MD,1472,429,20,95,164,159,162,186,146,111
2018,Southeastern,MS,23,4,0,0,0,0,4,4,9,2
2018,Southeastern,NC,734,201,9,30,41,63,79,114,110,87
2018,Southeastern,SC,138,45,0,1,10,18,18,21,12,13
2018,Southeastern,TN,326,100,2,12,19,20,32,43,44,54
2018,Southeastern,VA,971,255,18,42,82,97,120,155,120,82
2019,Atlantic,DE,112,36,4,4,8,10,11,22,12,5
2019,Atlantic,E PA,1813,505,39,143,231,232,192,203,160,108
2019,Atlantic,NJ,1965,288,32,90,175,273,277,317,312,201
2019,Central,IL,3292,777,40,199,396,367,413,467,346,287
2019,Central,IA,373,58,8,19,19,28,46,76,67,52
2019,Central,KS,142,55,0,6,6,17,21,15,12,10
2019,Central,MO,981,155,5,40,55,98,119,150,187,172
2019,Central,NE,216,33,2,10,25,32,37,28,27,22
2019,Central,WI,4361,769,25,130,194,395,563,633,669,983
2019,Massachusetts,MA,11154,1457,111,667,1147,1411,1528,1656,1470,1707
2019,Michigan,MI,5403,1790,108,276,364,461,480,601,595,728
2019,Mid-American,IN,550,118,3,18,44,77,85,71,69,65
2019,Mid-American,KY,153,48,1,5,7,17,10,28,19,18
2019,Mid-American,OH,1366,325,28,52,94,139,179,206,194,149
2019,Mid-American,W PA,1368,207,26,90,119,156,176,234,199,161
2019,Mid-American,WV,114,21,3,6,6,19,13,16,9,21
2019,Minnesota,MN,14392,1887,65,435,785,1552,2269,2428,2361,2610
2019,New England,CT,2719,234,28,136,295,347,441,409,401,428
2019,New England,ME,1256,130,11,37,90,147,167,151,211,312
2019,New England,NH,1084,137,17,47,103,124,139,164,143,210
2019,New England,RI,659,107,6,15,41,77,81,99,84,149
2019,New England,VT,1195,138,7,47,74,158,190,164,156,261
2019,New York,NY,6348,954,71,310,541,636,766,904,888,1278
2019,Northern Plains,MT,1079,542,9,42,54,60,87,90,82,113
2019,Northern Plains,ND,1538,48,4,68,93,182,252,261,256,374
2019,Northern Plains,SD,516,6,6,49,75,68,82,60,81,89
2019,Northern Plains,WY,458,112,6,24,50,54,58,59,44,51
2019,Pacific,AK,2001,913,15,60,124,142,138,165,159,285
2019,Pacific,CA,3304,1155,26,112,208,257,374,432,432,308
2019,Pacific,HI,34,14,0,0,0,2,5,1,7,5
2019,Pacific,NV,232,72,2,5,12,28,38,48,20,7
2019,Pacific,OR,339,162,3,8,21,27,40,25,28,25
2019,Pacific,WA,1463,652,6,50,68,103,144,132,161,147
2019,Rocky Mountain,AZ,779,186,12,32,56,78,96,119,109,91
2019,Rocky Mountain,CO,2824,1237,36,116,151,251,256,307,279,191
2019,Rocky Mountain,ID,854,388,5,24,59,62,73,63,88,92
2019,Rocky Mountain,NM,240,64,0,12,17,22,32,32,34,27
2019,Rocky Mountain,OK,74,10,0,0,4,11,11,16,17,5
2019,Rocky Mountain,TX,1025,387,9,43,58,89,121,132,113,73
2019,Rocky Mountain,UT,511,248,9,35,50,48,35,32,25,29
2019,Southeastern,AL,224,67,2,2,11,8,25,31,34,44
2019,Southeastern,AR,38,4,0,2,3,1,8,9,4,7
2019,Southeastern,DC,269,86,2,7,18,14,33,27,29,53
2019,Southeastern,FL,1257,456,10,43,70,111,108,183,160,116
2019,Southeastern,GA,177,47,0,10,16,20,19,25,18,22
2019,Southeastern,LA,30,10,0,1,0,1,4,5,7,2
2019,Southeastern,MD,1456,402,20,126,154,176,176,165,146,91
2019,Southeastern,MS,26,4,0,0,1,3,3,4,7,4
2019,Southeastern,NC,797,210,9,31,58,63,93,124,115,94
2019,Southeastern,SC,136,49,0,1,8,17,18,22,11,10
2019,Southeastern,TN,343,111,3,7,18,23,29,51,49,52
2019,Southeastern,VA,1062,310,15,57,71,99,162,134,121,93
2020,Atlantic,DE,83,10,2,4,7,8,15,17,12,8
2020,Atlantic,E PA,1467,259,14,151,201,202,197,195,170,78
2020,Atlantic,NJ,1562,137,14,82,200,253,255,262,220,139
2020,Central,IL,2585,344,20,219,338,352,379,410,322,201
2020,Central,IA,367,32,3,13,16,39,67,70,66,61
2020,Central,KS,119,38,0,5,10,16,16,13,11,10
2020,Central,MO,922,163,9,43,71,98,123,149,145,121
2020,Central,NE,202,22,2,7,28,30,29,35,24,25
2020,Central,WI,3752,197,16,146,229,463,597,654,656,794
2020,Massachusetts,MA,9624,863,48,653,1167,1416,1542,1468,1240,1227
2020,Michigan,MI,4127,1072,59,230,333,397,484,551,459,542
2020,Mid-American,IN,525,84,7,17,43,76,74,84,60,80
2020,Mid-American,KY,136,51,1,2,6,9,10,17,15,25
2020,Mid-American,OH,1193,190,4,62,107,134,178,191,168,159
2020,Mid-American,W PA,1158,144,20,67,105,164,177,204,156,121
2020,Mid-American,WV,98,10,0,3,10,16,18,17,11,13
2020,Minnesota,MN,14238,1258,22,561,1160,1810,2253,2401,2384,2389
2020,New England,CT,2318,106,9,156,291,366,401,373,293,323
2020,New England,ME,907,47,3,67,96,142,131,136,133,152
2020,New England,NH,927,56,6,62,111,123,158,153,125,133
2020,New England,RI,513,44,6,27,59,67,68,91,76,75
2020,New England,VT,971,51,0,49,80,140,176,155,151,169
2020,New York,NY,5316,429,58,351,523,632,736,777,815,995
2020,Northern Plains,MT,941,411,14,42,54,63,86,102,78,91
2020,Northern Plains,ND,1611,41,31,56,108,218,227,276,296,358
2020,Northern Plains,SD,533,4,4,50,67,73,73,83,85,94
2020,Northern Plains,WY,394,42,2,28,45,53,60,58,51,55
2020,Pacific,AK,1510,476,7,49,110,137,158,167,176,230
2020,Pacific,CA,1316,225,14,113,157,220,226,188,108,65
2020,Pacific,HI,2,2,0,0,0,0,0,0,0,0
2020,Pacific,NV,286,82,0,7,13,28,42,54,38,22
2020,Pacific,OR,209,80,1,5,26,30,23,14,21,9
2020,Pacific,WA,943,280,5,42,62,102,110,131,110,101
2020,Rocky Mountain,AZ,634,178,9,41,52,80,88,80,58,48
2020,Rocky Mountain,CO,2110,605,18,116,180,263,236,288,227,177
2020,Rocky Mountain,ID,647,217,1,32,60,66,65,60,65,81
2020,Rocky Mountain,NM,150,18,2,7,19,21,23,25,20,15
2020,Rocky Mountain,OK,50,6,0,1,6,5,11,6,10,5
2020,Rocky Mountain,TX,986,290,8,42,73,89,119,118,119,128
2020,Rocky Mountain,UT,433,136,8,45,39,57,42,45,32,29
2020,Southeastern,AL,171,55,1,4,4,13,17,29,16,32
2020,Southeastern,AR,34,3,0,2,0,1,7,5,6,10
2020,Southeastern,DC,177,50,1,9,15,23,27,23,17,12
2020,Southeastern,FL,1030,360,16,42,82,110,116,140,104,60
2020,Southeastern,GA,146,27,2,13,18,24,20,20,11,11
2020,Southeastern,LA,15,2,0,0,0,4,2,3,1,3
2020,Southeastern,MD,1138,253,8,96,154,168,167,128,101,63
2020,Southeastern,MS,14,2,0,1,0,2,4,1,3,1
2020,Southeastern,NC,565,163,8,28,51,56,75,70,63,51
2020,Southeastern,SC,128,40,0,5,14,16,19,13,7,14
2020,Southeastern,TN,301,95,5,10,18,23,27,48,43,32
2020,Southeastern,VA,814,174,9,55,64,112,126,118,89,67
2021,Atlantic,DE,113,29,1,7,7,12,19,16,13,9
2021,Atlantic,E PA,1850,524,28,159,245,213,212,197,173,99
2021,Atlantic,NJ,2122,313,26,123,254,265,297,334,284,226
2021,Central,IL,3125,741,37,242,321,377,427,432,307,241
2021,Central,IA,470,50,8,17,23,53,72,72,72,103
2021,Central,KS,145,48,2,3,12,20,18,14,14,14
2021,Central,MO,1202,214,16,43,83,122,158,199,185,182
2021,Central,NE,250,26,2,16,32,40,35,33,32,34
2021,Central,WI,4870,651,26,148,226,538,645,763,793,1080
2021,Massachusetts,MA,11452,1252,100,746,1153,1469,1681,1626,1563,1862
2021,Michigan,MI,5269,1465,88,315,372,456,583,637,598,755
2021,Mid-American,IN,632,137,6,28,56,80,82,90,89,64
2021,Mid-American,KY,161,58,0,3,8,11,19,20,25,17
2021,Mid-American,OH,1529,278,22,91,98,157,226,233,208,216
2021,Mid-American,W PA,1386,203,24,87,123,168,218,208,208,147
2021,Mid-American,WV,120,22,3,2,14,10,18,18,18,15
2021,Minnesota,MN,15377,1820,70,441,875,1798,2375,2544,2738,2716
2021,New England,CT,2726,201,28,161,273,395,401,440,357,470
2021,New England,ME,1152,93,15,59,78,142,139,172,172,282
2021,New England,NH,1117,105,7,60,98,138,166,164,171,208
2021,New England,RI,660,105,7,39,61,77,92,77,92,110
2021,New England,VT,1165,136,8,49,56,152,145,167,192,260
2021,New York,NY,6590,852,76,336,507,699,794,963,1026,1337
2021,Northern Plains,MT,1190,547,11,47,57,91,101,112,97,127
2021,Northern Plains,ND,1666,44,11,58,123,230,254,283,331,332
2021,Northern Plains,SD,578,7,8,48,69,85,83,91,88,99
2021,Northern Plains,WY,498,98,4,42,43,62,68,43,63,75
2021,Pacific,AK,2030,779,10,64,125,133,195,184,199,341
2021,Pacific,CA,2856,1035,28,120,204,328,308,359,313,161
2021,Pacific,HI,1,0,0,0,0,1,0,0,0,0
2021,Pacific,NV,523,172,2,10,36,39,77,86,76,25
2021,Pacific,OR,323,135,2,13,22,35,32,39,30,15
2021,Pacific,WA,1759,750,12,64,100,148,125,205,180,175
2021,Rocky Mountain,AZ,893,230,19,29,77,95,98,138,121,86
2021,Rocky Mountain,CO,3008,1172,43,104,235,242,301,343,315,253
2021,Rocky Mountain,ID,878,341,6,35,56,82,66,96,82,114
2021,Rocky Mountain,NM,247,64,2,13,17,24,32,32,33,30
2021,Rocky Mountain,OK,74,12,0,2,5,9,17,14,13,2
2021,Rocky Mountain,TX,1353,417,13,51,86,125,157,194,163,147
2021,Rocky Mountain,UT,562,240,12,32,45,53,53,51,45,31
2021,Southeastern,AL,208,62,1,6,2,22,25,23,28,39
2021,Southeastern,AR,51,5,0,2,1,7,5,5,14,12
2021,Southeastern,DC,275,89,2,12,13,26,28,30,19,56
2021,Southeastern,FL,1400,523,14,60,91,126,148,199,150,89
2021,Southeastern,GA,194,46,2,13,23,26,24,24,21,15
2021,Southeastern,LA,20,9,0,0,1,3,1,2,4,0
2021,Southeastern,MD,1448,410,20,100,169,182,169,172,138,88
2021,Southeastern,MS,12,4,0,0,2,2,1,0,2,1
2021,Southeastern,NC,777,195,13,33,57,84,92,129,113,61
2021,Southeastern,SC,198,70,0,10,15,20,26,20,20,17
2021,Southeastern,TN,383,104,2,21,40,25,38,58,48,47
2021,Southeastern,VA,1083,296,12,53,94,146,138,130,127,87
2022,Atlantic,DE,124,27,3,6,10,15,20,19,10,14
2022,Atlantic,E PA,1908,520,39,183,247,237,231,218,150,83
2022,Atlantic,NJ,2246,332,29,159,247,259,297,339,356,228
2022,Central,IL,3224,763,43,238,342,380,421,437,334,266
2022,Central,IA,457,57,3,12,36,61,54,74,74,86
2022,Central,KS,170,51,1,5,13,23,21,19,18,19
2022,Central,MO,1335,248,15,50,91,150,178,225,202,176
2022,Central,NE,261,28,2,24,22,37,44,37,35,32
2022,Central,WI,4940,679,29,132,263,552,686,762,813,1024
2022,Massachusetts,MA,11444,1286,102,710,1117,1489,1607,1667,1648,1818
2022,Michigan,MI,5359,1459,103,334,382,493,610,618,656,704
2022,Mid-American,IN,646,130,12,39,56,71,91,90,95,62
2022,Mid-American,KY,199,71,0,8,7,16,27,24,23,23
2022,Mid-American,OH,1763,314,32,85,110,198,223,289,272,240
2022,Mid-American,W PA,1459,201,30,75,128,196,213,237,230,149
2022,Mid-American,WV,171,53,4,12,8,17,23,20,19,15
2022,Minnesota,MN,15355,1965,58,399,876,1819,2448,2594,2597,2599
2022,New England,CT,2708,221,33,156,277,406,397,384,419,415
2022,New England,ME,1194,86,14,40,85,134,151,183,192,309
2022,New England,NH,1169,136,12,81,101,145,163,172,175,184
2022,New England,RI,676,107,9,48,72,77,88,85,76,114
2022,New England,VT,1194,126,16,50,73,167,164,176,190,232
2022,New York,NY,6938,977,114,336,534,712,801,1020,1146,1298
2022,Northern Plains,MT,1211,532,7,42,68,86,116,121,116,123
2022,Northern Plains,ND,1679,54,16,73,146,210,273,307,311,289
2022,Northern Plains,SD,571,9,9,49,70,83,90,91,75,95
2022,Northern Plains,WY,500,99,10,34,46,69,58,44,68,72
2022,Pacific,AK,2228,914,14,85,123,158,184,198,231,321
2022,Pacific,CA,3232,1156,30,120,236,322,376,391,360,241
2022,Pacific,HI,20,13,0,0,0,0,1,4,2,0
2022,Pacific,NV,450,134,4,11,34,49,68,70,53,27
2022,Pacific,OR,367,185,3,24,22,32,27,46,14,14
2022,Pacific,WA,1936,862,22,56,116,128,186,204,210,152
2022,Rocky Mountain,AZ,1060,308,15,42,89,98,109,153,139,107
2022,Rocky Mountain,CO,3291,1233,37,147,240,269,354,343,375,293
2022,Rocky Mountain,ID,943,418,4,35,58,65,77,79,105,102
2022,Rocky Mountain,NM,299,96,2,15,22,29,36,41,36,22
2022,Rocky Mountain,OK,95,16,2,3,4,10,16,13,13,18
2022,Rocky Mountain,TX,1342,407,12,47,89,142,175,177,170,123
2022,Rocky Mountain,UT,580,259,10,30,56,53,59,45,39,29
2022,Southeastern,AL,217,60,5,3,11,24,29,27,30,28
2022,Southeastern,AR,50,7,0,0,3,5,7,9,13,6
2022,Southeastern,DC,267,111,6,9,22,27,32,17,26,17
2022,Southeastern,FL,1517,583,21,63,105,123,178,198,157,89
2022,Southeastern,GA,210,57,5,13,23,18,26,23,24,21
2022,Southeastern,LA,17,5,0,0,1,1,3,4,2,1
2022,Southeastern,MD,1521,446,20,123,178,195,170,166,145,78
2022,Southeastern,MS,21,8,0,0,1,2,0,4,3,3
2022,Southeastern,NC,852,209,8,36,64,94,118,135,121,67
2022,Southeastern,SC,208,75,1,12,17,28,22,14,18,21
2022,Southeastern,TN,430,104,1,30,39,32,37,57,71,59
2022,Southeastern,VA,1200,336,28,56,118,140,142,146,136,98
